{
  "nr.platform.universal.behindyellowline": {
    "sounds": [
        "nr/platform/universal/behindyellowline"            
    ]
  },
  "nr.platform.universal.closeplatformdoor": {
    "sounds": [
        "nr/platform/universal/closeplatformdoor"            
    ]
  },
  "nr.platform.universal.closedoor": {
    "sounds": [
        "nr/platform/universal/closedoor"            
    ]
  },
  "nr.platform.universal.closegate": {
    "sounds": [
        "nr/platform/universal/closegate"            
    ]
  },
  "nr.platform.universal.closetrain": {
    "sounds": [
        "nr/platform/universal/closetrain"            
    ]
  },
  "nr.platform.universal.alightfirst": {
    "sounds": [
        "nr/platform/universal/alightfirst"            
    ]
  },
  "nr.platform.universal.alightfirst_2": {
    "sounds": [
        "nr/platform/universal/alightfirst_2"            
    ]
  },
  "nr.platform.universal.exitfirst": {
    "sounds": [
        "nr/platform/universal/exitfirst"            
    ]
  },
  "nr.platform.universal.mindgap": {
    "sounds": [
        "nr/platform/universal/mindgap"            
    ]
  },
  "nr.platform.universal.mindgaptp": {
    "sounds": [
        "nr/platform/universal/mindgaptp"            
    ]
  },
  "nr.platform.universal.mindgappt": {
    "sounds": [
        "nr/platform/universal/mindgappt"            
    ]
  },
  "nr.platform.universal.mindgapd": {
    "sounds": [
        "nr/platform/universal/mindgapd"            
    ]
  },
  "nr.platform.universal.nonstop": {
    "sounds": [
        "nr/platform/universal/nonstop"            
    ]
  },
  "nr.platform.universal.notcarry": {
    "sounds": [
        "nr/platform/universal/notcarry"            
    ]
  },
  "nr.platform.universal.openplatformdoor": {
    "sounds": [
        "nr/platform/universal/open"            
    ]
  },
  "nr.platform.universal.trainarriving": {
    "sounds": [
        "nr/platform/universal/trainarriving"            
    ]
  },
  "nr.platform.universal.trainarrivingexit": {
    "sounds": [
        "nr/platform/universal/trainarrivingexit"            
    ]
  },
  "nr.platform.universal.traindepart": {
    "sounds": [
        "nr/platform/universal/traindepart"            
    ]
  },
  "nr.platform.universal.backdoor": {
    "sounds": [
        "nr/platform/universal/backdoor"            
    ]
  },
  "nr.platform.universal.backtrain": {
    "sounds": [
        "nr/platform/universal/backtrain"            
    ]
  },
  "nr.platform.universal.backpsd": {
    "sounds": [
        "nr/platform/universal/backpsd"            
    ]
  },
  "nr.platform.universal.backscreen": {
    "sounds": [
        "nr/platform/universal/backscreen"            
    ]
  },
  "nr.platform.universal.backapg": {
    "sounds": [
        "nr/platform/universal/backapg"            
    ]
  },
  "nr.platform.universal.backgate": {
    "sounds": [
        "nr/platform/universal/backgate"            
    ]
  },
  "nr.platform.universal.soongate": {
    "sounds": [
        "nr/platform/universal/soongate"            
    ]
  },
  "nr.platform.universal.soonscreen": {
    "sounds": [
        "nr/platform/universal/soonscreen"            
    ]
  },
  "nr.train.universal.alightall": {
    "sounds": [
        "nr/train/universal/alightall"            
    ]
  },
  "nr.train.universal.closetraindoor": {
    "sounds": [
        "nr/train/universal/closetraindoor"            
    ]
  },
  "nr.train.universal.closetrain": {
    "sounds": [
        "nr/train/universal/closetrain"            
    ]
  },
  "nr.train.universal.holdhandrail": {
    "sounds": [
        "nr/train/universal/holdhandrail"            
    ]
  },
  "nr.train.universal.mindgap": {
    "sounds": [
        "nr/train/universal/mindgap"            
    ]
  },
  "nr.train.universal.mindgapd": {
    "sounds": [
        "nr/train/universal/mindgapd"            
    ]
  },
  "nr.train.universal.metropolis_openleft": {
    "sounds": [
        "nr/train/universal/metropolis_openleft"            
    ]
  },
  "nr.train.universal.openleft": {
    "sounds": [
        "nr/train/universal/openleft"            
    ]
  },
  "nr.train.universal.metropolis_openright": {
    "sounds": [
        "nr/train/universal/metropolis_openright"            
    ]
  },
  "nr.train.universal.openright": {
    "sounds": [
        "nr/train/universal/openright"            
    ]
  },
  "nr.train.universal.openrice": {
    "sounds": [
        "nr/train/universal/openrice"            
    ]
  },
  "nr.train.universal.openranger": {
    "sounds": [
        "nr/train/universal/openranger"            
    ]
  },
  "nr.train.universal.opentraindoor": {
    "sounds": [
        "nr/train/universal/opentraindoor"            
    ]
  },
  "nr.train.universal.delayshort": {
    "sounds": [
        "nr/train/universal/delayshort"            
    ]
  },
  "nr.train.universal.delaynext": {
    "sounds": [
        "nr/train/universal/delaynext"            
    ]
  },
  "nr.train.universal.thankyou": {
    "sounds": [
        "nr/train/universal/thankyou"            
    ]
  },
  "nr.train.universal.departreset": {
    "sounds": [
        "nr/train/universal/departreset"            
    ]
  },
  "nr.train.universal.backtrain": {
    "sounds": [
        "nr/train/universal/backtrain"            
    ]
  },
  "nr.concourse.universal.general": {
    "sounds": [
	    "nr/concourse/universal/alightbeforeboarding",
        "nr/concourse/universal/carefulstairs",
		"nr/concourse/universal/mca",
		"nr/concourse/universal/nomounts",
		"nr/concourse/universal/platformedge"
    ]
  },
  "nr.concourse.universal.general_wet": {
    "sounds": [
	    "nr/concourse/universal/alightbeforeboarding",
        "nr/concourse/universal/carefulstairs",
		"nr/concourse/universal/mca",
		"nr/concourse/universal/nomounts",
		"nr/concourse/universal/platformedge",
		"nr/concourse/universal/wet"
    ]
  },
  "something": {
    "sounds": [
        "something"            
    ]
  }
}