{
  "nr.platform.arrive.forward_u": {
    "sounds": [
        "nr/platform/arrive/forward_u"            
    ]
  },
  "nr.platform.arrive.forward_d": {
    "sounds": [
        "nr/platform/arrive/forward_d"            
    ]
  },
  "nr.train.to.f_u": {
    "sounds": [
        "nr/train/to/f_u"            
    ]
  },
  "nr.train.to.f_d": {
    "sounds": [
        "nr/train/to/f_d"            
    ]
  },
  "nr.train.next.heavenpacific_1": {
    "sounds": [
        "nr/train/next/heavenpacific_1"            
    ]
  },
  "nr.train.next.heavenpacific_2": {
    "sounds": [
        "nr/train/next/heavenpacific_2"            
    ]
  },
  "nr.train.next.heavenpacific_3": {
    "sounds": [
        "nr/train/next/heavenpacific_3"            
    ]
  },
  "nr.train.next.heavenpacific_4": {
    "sounds": [
        "nr/train/next/heavenpacific_4"            
    ]
  },
  "nr.train.next.blazragbay_1": {
    "sounds": [
        "nr/train/next/blazragbay_1"            
    ]
  },
  "nr.train.next.blazragbay_2": {
    "sounds": [
        "nr/train/next/blazragbay_2"            
    ]
  },
  "nr.train.next.loopturn_1": {
    "sounds": [
        "nr/train/next/loopturn_1"            
    ]
  },
  "nr.train.next.loopturn_2": {
    "sounds": [
        "nr/train/next/loopturn_2"            
    ]
  },
  "nr.train.next.semilunarlake_1": {
    "sounds": [
        "nr/train/next/semilunarlake_1"            
    ]
  },
  "nr.train.next.semilunarlake_2": {
    "sounds": [
        "nr/train/next/semilunarlake_2"            
    ]
  },
  "nr.train.next.hillside_1": {
    "sounds": [
        "nr/train/next/hillside_1"            
    ]
  },
  "nr.train.next.hillside_2": {
    "sounds": [
        "nr/train/next/hillside_2"            
    ]
  },
  "nr.train.next.colanderpond_1": {
    "sounds": [
        "nr/train/next/colanderpond_1"            
    ]
  },
  "nr.train.next.colanderpond_2": {
    "sounds": [
        "nr/train/next/colanderpond_2"            
    ]
  },
  "nr.train.next.whitemarket_1": {
    "sounds": [
        "nr/train/next/whitemarket_1"            
    ]
  },
  "nr.train.next.whitemarket_2": {
    "sounds": [
        "nr/train/next/whitemarket_2"            
    ]
  },
  "something": {
    "sounds": [
        "something"            
    ]
  }
}