{
  "nr.platform.arrive.innerring": {
    "sounds": [
        "nr/platform/arrive/innerring"            
    ]
  },
  "nr.platform.arrive.innerring_4": {
    "sounds": [
        "nr/platform/arrive/innerring_4"            
    ]
  },
  "nr.platform.arrive.innerring_9": {
    "sounds": [
        "nr/platform/arrive/innerring_9"            
    ]
  },
  "nr.platform.arrive.innerRing_MST": {
    "sounds": [
        "nr/platform/arrive/innerRing_mst"            
    ]
  },
  "nr.platform.arrive.innerRing_MST_4": {
    "sounds": [
        "nr/platform/arrive/innerRing_mst_4"            
    ]
  },
  "nr.platform.arrive.innerRing_MST_9": {
    "sounds": [
        "nr/platform/arrive/innerRing_mst_9"            
    ]
  },
  "nr.platform.arrive.outerring": {
    "sounds": [
        "nr/platform/arrive/outerring"            
    ]
  },
  "nr.platform.arrive.outerring_4": {
    "sounds": [
        "nr/platform/arrive/outerring_4"            
    ]
  },
  "nr.platform.arrive.outerring_9": {
    "sounds": [
        "nr/platform/arrive/outerring_9"            
    ]
  },
  "nr.platform.arrive.01aexpo_1": {
    "sounds": [
        "nr/platform/arrive/01aexpo_1"            
    ]
  },
  "nr.platform.arrive.01aexpo_2": {
    "sounds": [
        "nr/platform/arrive/01aexpo_2"            
    ]
  },
  "nr.platform.arrive.03urban_1": {
    "sounds": [
        "nr/platform/arrive/03urban_1"            
    ]
  },
  "nr.platform.arrive.03urban_2": {
    "sounds": [
        "nr/platform/arrive/03urban_2"            
    ]
  },
  "nr.platform.arrive.03xurban_1": {
    "sounds": [
        "nr/platform/arrive/03xurban_1"            
    ]
  },
  "nr.platform.arrive.03xurban_2": {
    "sounds": [
        "nr/platform/arrive/03xurban_2"            
    ]
  },
  "nr.platform.arrive.04newedward_1": {
    "sounds": [
        "nr/platform/arrive/04newedward_1"            
    ]
  },
  "nr.platform.arrive.04newedward_2": {
    "sounds": [
        "nr/platform/arrive/04newedward_2"            
    ]
  },
  "nr.platform.arrive.05stadium_1": {
    "sounds": [
        "nr/platform/arrive/05stadium_1"            
    ]
  },
  "nr.platform.arrive.05stadium_2": {
    "sounds": [
        "nr/platform/arrive/05stadium_2"            
    ]
  },
  "nr.platform.arrive.05cxofa_1": {
    "sounds": [
        "nr/platform/arrive/05cxofa_1"            
    ]
  },
  "nr.platform.arrive.05cxofa_2": {
    "sounds": [
        "nr/platform/arrive/05cxofa_2"            
    ]
  },
  "nr.platform.arrive.06arcgo_1": {
    "sounds": [
        "nr/platform/arrive/06arcgo_1"            
    ]
  },
  "nr.platform.arrive.06arcgo_2": {
    "sounds": [
        "nr/platform/arrive/06arcgo_2"            
    ]
  },
  "nr.platform.arrive.07luxter_1": {
    "sounds": [
        "nr/platform/arrive/07luxter_1"            
    ]
  },
  "nr.platform.arrive.07luxter_2": {
    "sounds": [
        "nr/platform/arrive/07luxter_2"            
    ]
  },
  "nr.platform.arrive.07asava_1": {
    "sounds": [
        "nr/platform/arrive/07asava_1"            
    ]
  },
  "nr.platform.arrive.07asava_2": {
    "sounds": [
        "nr/platform/arrive/07asava_2"            
    ]
  },
  "nr.platform.arrive.08flask_1": {
    "sounds": [
        "nr/platform/arrive/08flask_1"            
    ]
  },
  "nr.platform.arrive.08flask_2": {
    "sounds": [
        "nr/platform/arrive/08flask_2"            
    ]
  },
  "nr.platform.arrive.09kinight_1": {
    "sounds": [
        "nr/platform/arrive/09kinight_1"            
    ]
  },
  "nr.platform.arrive.09kinight_2": {
    "sounds": [
        "nr/platform/arrive/09kinight_2"            
    ]
  },
  "nr.platform.arrive.09kinight_3": {
    "sounds": [
        "nr/platform/arrive/09kinight_3"            
    ]
  },
  "nr.platform.arrive.10daring_1": {
    "sounds": [
        "nr/platform/arrive/10daring_1"            
    ]
  },
  "nr.platform.arrive.10daring_2": {
    "sounds": [
        "nr/platform/arrive/10daring_2"            
    ]
  },
  "nr.platform.arrive.13origin_1": {
    "sounds": [
        "nr/platform/arrive/13origin_1"            
    ]
  },
  "nr.platform.arrive.13origin_2": {
    "sounds": [
        "nr/platform/arrive/13origin_2"            
    ]
  },
  "nr.platform.arrive.14minecraft_1": {
    "sounds": [
        "nr/platform/arrive/14minecraft_1"            
    ]
  },
  "nr.platform.arrive.14minecraft_2": {
    "sounds": [
        "nr/platform/arrive/14minecraft_2"            
    ]
  },
  "nr.platform.arrive.15ingress_1": {
    "sounds": [
        "nr/platform/arrive/15ingress_1"            
    ]
  },
  "nr.platform.arrive.15ingress_2": {
    "sounds": [
        "nr/platform/arrive/15ingress_2"            
    ]
  },
  "nr.platform.arrive.16glacier_1": {
    "sounds": [
        "nr/platform/arrive/16glacier_1"            
    ]
  },
  "nr.platform.arrive.16glacier_2": {
    "sounds": [
        "nr/platform/arrive/16glacier_2"            
    ]
  },
  "nr.platform.arrive.17oasisbay_1": {
    "sounds": [
        "nr/platform/arrive/17oasisbay_1"            
    ]
  },
  "nr.platform.arrive.17oasisbay_2": {
    "sounds": [
        "nr/platform/arrive/17oasisbay_2"            
    ]
  },
  "nr.platform.arrive.19egress_1": {
    "sounds": [
        "nr/platform/arrive/19egress_1"            
    ]
  },
  "nr.platform.arrive.19egress_2": {
    "sounds": [
        "nr/platform/arrive/19egress_2"            
    ]
  },
  "nr.platform.arrive.20interisland_1": {
    "sounds": [
        "nr/platform/arrive/20interisland_1"            
    ]
  },
  "nr.platform.arrive.20interisland_2": {
    "sounds": [
        "nr/platform/arrive/20interisland_2"            
    ]
  },
  "nr.platform.arrive.22cometsilk_1": {
    "sounds": [
        "nr/platform/arrive/22cometsilk_1"            
    ]
  },
  "nr.platform.arrive.22cometsilk_2": {
    "sounds": [
        "nr/platform/arrive/22cometsilk_2"            
    ]
  },
  "nr.platform.arrive.alpha_1": {
    "sounds": [
        "nr/platform/arrive/alpha_1"            
    ]
  },
  "nr.platform.arrive.alpha_2": {
    "sounds": [
        "nr/platform/arrive/alpha_2"            
    ]
  },
  "nr.platform.arrive.bravo_1": {
    "sounds": [
        "nr/platform/arrive/bravo_1"            
    ]
  },
  "nr.platform.arrive.bravo_2": {
    "sounds": [
        "nr/platform/arrive/bravo_2"            
    ]
  },
  "nr.platform.arrive.charlie_1": {
    "sounds": [
        "nr/platform/arrive/charlie_1"            
    ]
  },
  "nr.platform.arrive.charlie_2": {
    "sounds": [
        "nr/platform/arrive/charlie_2"            
    ]
  },
  "nr.platform.arrive.delta_1": {
    "sounds": [
        "nr/platform/arrive/delta_1"            
    ]
  },
  "nr.platform.arrive.delta_2": {
    "sounds": [
        "nr/platform/arrive/delta_2"            
    ]
  },
  "nr.platform.arrive.echo_1": {
    "sounds": [
        "nr/platform/arrive/echo_1"            
    ]
  },
  "nr.platform.arrive.echo_2": {
    "sounds": [
        "nr/platform/arrive/echo_2"            
    ]
  },
  "nr.platform.arrive.fox_1": {
    "sounds": [
        "nr/platform/arrive/fox_1"            
    ]
  },
  "nr.platform.arrive.fox_2": {
    "sounds": [
        "nr/platform/arrive/fox_2"            
    ]
  },
  "nr.platform.arrive.kilo_1": {
    "sounds": [
        "nr/platform/arrive/kilo_1"            
    ]
  },
  "nr.platform.arrive.kilo_2": {
    "sounds": [
        "nr/platform/arrive/kilo_2"            
    ]
  },
  "nr.train.to.01wrl_i": {
    "sounds": [
        "nr/train/to/01wrl_i"            
    ]
  },
  "nr.train.to.01wrl_o": {
    "sounds": [
        "nr/train/to/01wrl_o"            
    ]
  },
  "nr.train.to.01wrla_1": {
    "sounds": [
        "nr/train/to/01wrla_1"            
    ]
  },
  "nr.train.to.01wrla_2": {
    "sounds": [
        "nr/train/to/01wrla_2"            
    ]
  },
  "nr.train.to.02erl_i": {
    "sounds": [
        "nr/train/to/02erl_i"            
    ]
  },
  "nr.train.to.02erl_o": {
    "sounds": [
        "nr/train/to/02erl_o"            
    ]
  },
  "nr.train.to.03url_1": {
    "sounds": [
        "nr/train/to/03url_1"            
    ]
  },
  "nr.train.to.03url_2": {
    "sounds": [
        "nr/train/to/03url_2"            
    ]
  },
  "nr.train.to.03urlx_1": {
    "sounds": [
        "nr/train/to/03urlx_1"            
    ]
  },
  "nr.train.to.03urlx_2": {
    "sounds": [
        "nr/train/to/03urlx_2"            
    ]
  },
  "nr.train.to.04nel_1": {
    "sounds": [
        "nr/train/to/04nel_1"            
    ]
  },
  "nr.train.to.04nel_1_s": {
    "sounds": [
        "nr/train/to/04nel_1_s"            
    ]
  },
  "nr.train.to.04nel_2": {
    "sounds": [
        "nr/train/to/04nel_2"            
    ]
  },
  "nr.train.to.04nel_boi": {
    "sounds": [
        "nr/train/to/04nel_boi"            
    ]
  },
  "nr.train.to.05stl_1": {
    "sounds": [
        "nr/train/to/05stl_1"            
    ]
  },
  "nr.train.to.05stl_2": {
    "sounds": [
        "nr/train/to/05stl_2"            
    ]
  },
  "nr.train.to.05stlc_1": {
    "sounds": [
        "nr/train/to/05stlc_1"            
    ]
  },
  "nr.train.to.05stlc_2": {
    "sounds": [
        "nr/train/to/05stlc_2"            
    ]
  },
  "nr.train.to.06arl_1": {
    "sounds": [
        "nr/train/to/06arl_1"            
    ]
  },
  "nr.train.to.06arl_2": {
    "sounds": [
        "nr/train/to/06arl_2"            
    ]
  },
  "nr.train.to.07lul_1": {
    "sounds": [
        "nr/train/to/07lul_1"            
    ]
  },
  "nr.train.to.07lul_2": {
    "sounds": [
        "nr/train/to/07lul_2"            
    ]
  },
  "nr.train.to.07lula_1": {
    "sounds": [
        "nr/train/to/07lula_1"            
    ]
  },
  "nr.train.to.07lula_2": {
    "sounds": [
        "nr/train/to/07lula_2"            
    ]
  },
  "nr.train.to.08fll_1": {
    "sounds": [
        "nr/train/to/08fll_1"            
    ]
  },
  "nr.train.to.08fll_2": {
    "sounds": [
        "nr/train/to/08fll_2"            
    ]
  },
  "nr.train.to.09kil_1": {
    "sounds": [
        "nr/train/to/09kil_1"            
    ]
  },
  "nr.train.to.09kil_2": {
    "sounds": [
        "nr/train/to/09kil_2"            
    ]
  },
  "nr.train.to.09kil_3": {
    "sounds": [
        "nr/train/to/09kil_3"            
    ]
  },
  "nr.train.to.10dal_1": {
    "sounds": [
        "nr/train/to/10dal_1"            
    ]
  },
  "nr.train.to.10dal_2": {
    "sounds": [
        "nr/train/to/10dal_2"            
    ]
  },
  "nr.train.to.13orl_1": {
    "sounds": [
        "nr/train/to/13orl_1"            
    ]
  },
  "nr.train.to.13orl_2": {
    "sounds": [
        "nr/train/to/13orl_2"            
    ]
  },
  "nr.train.to.14mil_1": {
    "sounds": [
        "nr/train/to/14mil_1"            
    ]
  },
  "nr.train.to.14mil_2": {
    "sounds": [
        "nr/train/to/14mil_2"            
    ]
  },
  "nr.train.to.14mil_nerf": {
    "sounds": [
        "nr/train/to/14mil_nerf"            
    ]
  },
  "nr.train.to.15inl_1": {
    "sounds": [
        "nr/train/to/15inl_1"            
    ]
  },
  "nr.train.to.15inl_2": {
    "sounds": [
        "nr/train/to/15inl_2"            
    ]
  },
  "nr.train.to.16gll_1": {
    "sounds": [
        "nr/train/to/16gll_1"            
    ]
  },
  "nr.train.to.16gll_2": {
    "sounds": [
        "nr/train/to/16gll_2"            
    ]
  },
  "nr.train.to.17obl_1": {
    "sounds": [
        "nr/train/to/17obl_1"            
    ]
  },
  "nr.train.to.17obl_2": {
    "sounds": [
        "nr/train/to/17obl_2"            
    ]
  },
  "nr.train.to.19egl_1": {
    "sounds": [
        "nr/train/to/19egl_1"            
    ]
  },
  "nr.train.to.19egl_2": {
    "sounds": [
        "nr/train/to/19egl_2"            
    ]
  },
  "nr.train.to.20itl_1": {
    "sounds": [
        "nr/train/to/20itl_1"            
    ]
  },
  "nr.train.to.20itl_2": {
    "sounds": [
        "nr/train/to/20itl_2"            
    ]
  },
  "nr.train.to.22col_1": {
    "sounds": [
        "nr/train/to/22col_1"            
    ]
  },
  "nr.train.to.22col_2": {
    "sounds": [
        "nr/train/to/22col_2"            
    ]
  },
  "nr.train.to.al_1": {
    "sounds": [
        "nr/train/to/al_1"            
    ]
  },
  "nr.train.to.al_2": {
    "sounds": [
        "nr/train/to/al_2"            
    ]
  },
  "nr.train.to.bl_1": {
    "sounds": [
        "nr/train/to/bl_1"            
    ]
  },
  "nr.train.to.bl_2": {
    "sounds": [
        "nr/train/to/bl_2"            
    ]
  },
  "nr.train.to.cl_1": {
    "sounds": [
        "nr/train/to/cl_1"            
    ]
  },
  "nr.train.to.cl_2": {
    "sounds": [
        "nr/train/to/cl_2"            
    ]
  },
  "nr.train.to.dl_1": {
    "sounds": [
        "nr/train/to/dl_1"            
    ]
  },
  "nr.train.to.dl_2": {
    "sounds": [
        "nr/train/to/dl_2"            
    ]
  },
  "nr.train.to.el_1": {
    "sounds": [
        "nr/train/to/el_1"            
    ]
  },
  "nr.train.to.el_2": {
    "sounds": [
        "nr/train/to/el_2"            
    ]
  },
  "nr.train.to.fl_1": {
    "sounds": [
        "nr/train/to/fl_1"            
    ]
  },
  "nr.train.to.fl_2": {
    "sounds": [
        "nr/train/to/fl_2"            
    ]
  },
  "nr.train.to.kl_1": {
    "sounds": [
        "nr/train/to/kl_1"            
    ]
  },
  "nr.train.to.kl_2": {
    "sounds": [
        "nr/train/to/kl_2"            
    ]
  },
  "nr.train.next.metropolis_0102": {
    "sounds": [
        "nr/train/next/metropolis_0102"            
    ]
  },
  "nr.train.next.metropolis_1_2": {
    "sounds": [
        "nr/train/next/metropolis_1_2"            
    ]
  },
  "nr.train.next.metropolis_2_2": {
    "sounds": [
        "nr/train/next/metropolis_2_2"            
    ]
  },
  "nr.train.next.metropolis_0304": {
    "sounds": [
        "nr/train/next/metropolis_0304"            
    ]
  },
  "nr.train.next.metropolis_05": {
    "sounds": [
        "nr/train/next/metropolis_05"            
    ]
  },
  "nr.train.next.metropolis_06_1": {
    "sounds": [
        "nr/train/next/metropolis_06_1"            
    ]
  },
  "nr.train.next.metropolis_06_2": {
    "sounds": [
        "nr/train/next/metropolis_06_2"            
    ]
  },
  "nr.train.next.metropolis_07_1": {
    "sounds": [
        "nr/train/next/metropolis_07_1"            
    ]
  },
  "nr.train.next.metropolis_07_2": {
    "sounds": [
        "nr/train/next/metropolis_07_2"            
    ]
  },
  "nr.train.next.metropolis_08": {
    "sounds": [
        "nr/train/next/metropolis_08"            
    ]
  },
  "nr.train.next.metropolis_0910": {
    "sounds": [
        "nr/train/next/metropolis_0910"            
    ]
  },
  "nr.train.next.metropolis_1112": {
    "sounds": [
        "nr/train/next/metropolis_1112"            
    ]
  },
  "nr.train.next.metropolis_1314": {
    "sounds": [
        "nr/train/next/metropolis_1314"            
    ]
  },
  "nr.train.next.metropolis_1516": {
    "sounds": [
        "nr/train/next/metropolis_1516"            
    ]
  },
  "nr.train.next.metropolis_1718": {
    "sounds": [
        "nr/train/next/metropolis_1718"            
    ]
  },
  "nr.train.next.metropolis_1920": {
    "sounds": [
        "nr/train/next/metropolis_1920"            
    ]
  },
  "nr.train.next.metropolis_2122": {
    "sounds": [
        "nr/train/next/metropolis_2122"            
    ]
  },
  "nr.train.next.metropolis_2324": {
    "sounds": [
        "nr/train/next/metropolis_2324"            
    ]
  },
  "nr.train.next.metropolis_25_1": {
    "sounds": [
        "nr/train/next/metropolis_25_1"            
    ]
  },
  "nr.train.next.metropolis_25_2": {
    "sounds": [
        "nr/train/next/metropolis_25_2"            
    ]
  },
  "nr.train.next.metropolis_26_1": {
    "sounds": [
        "nr/train/next/metropolis_26_1"            
    ]
  },
  "nr.train.next.metropolis_26_2": {
    "sounds": [
        "nr/train/next/metropolis_26_2"            
    ]
  },
  "nr.train.next.metropolis_27_1": {
    "sounds": [
        "nr/train/next/metropolis_27_1"            
    ]
  },
  "nr.train.next.metropolis_27_2": {
    "sounds": [
        "nr/train/next/metropolis_27_2"            
    ]
  },
  "nr.train.next.metropolis_28_1": {
    "sounds": [
        "nr/train/next/metropolis_28_1"            
    ]
  },
  "nr.train.next.metropolis_28_2": {
    "sounds": [
        "nr/train/next/metropolis_28_2"            
    ]
  },
  "nr.train.next.metropolis_29_1": {
    "sounds": [
        "nr/train/next/metropolis_29_1"            
    ]
  },
  "nr.train.next.metropolis_29_2": {
    "sounds": [
        "nr/train/next/metropolis_29_2"            
    ]
  },
  "nr.train.next.metropolis_30_1": {
    "sounds": [
        "nr/train/next/metropolis_30_1"            
    ]
  },
  "nr.train.next.metropolis_30_2": {
    "sounds": [
        "nr/train/next/metropolis_30_2"            
    ]
  },
  "nr.train.next.metropolis_31_1": {
    "sounds": [
        "nr/train/next/metropolis_31_1"            
    ]
  },
  "nr.train.next.metropolis_31_2": {
    "sounds": [
        "nr/train/next/metropolis_31_2"            
    ]
  },
  "nr.train.next.metropolis_32_1": {
    "sounds": [
        "nr/train/next/metropolis_32_1"            
    ]
  },
  "nr.train.next.metropolis_32_2": {
    "sounds": [
        "nr/train/next/metropolis_32_2"            
    ]
  },
  "nr.train.next.metropolis_3334": {
    "sounds": [
        "nr/train/next/metropolis_3334"            
    ]
  },
  "nr.train.next.metropolis_3536": {
    "sounds": [
        "nr/train/next/metropolis_3536"            
    ]
  },
  "nr.train.next.metropolis_37_1": {
    "sounds": [
        "nr/train/next/metropolis_37_1"            
    ]
  },
  "nr.train.next.metropolis_37_2": {
    "sounds": [
        "nr/train/next/metropolis_37_2"            
    ]
  },
  "nr.train.next.metropolis_38_1": {
    "sounds": [
        "nr/train/next/metropolis_38_1"            
    ]
  },
  "nr.train.next.metropolis_38_2": {
    "sounds": [
        "nr/train/next/metropolis_38_2"            
    ]
  },
  "nr.train.next.metropolis_bl": {
    "sounds": [
        "nr/train/next/metropolis_bl"            
    ]
  },
  "nr.train.next.greenrockhill_1": {
    "sounds": [
        "nr/train/next/greenrockhill_1"            
    ]
  },
  "nr.train.next.greenrockhill_2": {
    "sounds": [
        "nr/train/next/greenrockhill_2"            
    ]
  },
  "nr.train.next.greenrockhill_ri": {
    "sounds": [
        "nr/train/next/greenrockhill_ri"            
    ]
  },
  "nr.train.next.highapproach_1": {
    "sounds": [
        "nr/train/next/highapproach_1"            
    ]
  },
  "nr.train.next.highapproach_2": {
    "sounds": [
        "nr/train/next/highapproach_2"            
    ]
  },
  "nr.train.next.piscespond_1": {
    "sounds": [
        "nr/train/next/piscespond_1"            
    ]
  },
  "nr.train.next.piscespond_2": {
    "sounds": [
        "nr/train/next/piscespond_2"            
    ]
  },
  "nr.train.next.thethreepass_1": {
    "sounds": [
        "nr/train/next/thethreepass_1"            
    ]
  },
  "nr.train.next.thethreepass_2": {
    "sounds": [
        "nr/train/next/thethreepass_2"            
    ]
  },
  "nr.train.next.thethreepass_3": {
    "sounds": [
        "nr/train/next/thethreepass_3"            
    ]
  },
  "nr.train.next.thethreepass_4": {
    "sounds": [
        "nr/train/next/thethreepass_4"            
    ]
  },
  "nr.train.next.thethreepass_lul": {
    "sounds": [
        "nr/train/next/thethreepass_lul"            
    ]
  },
  "nr.train.next.savacoast_1": {
    "sounds": [
        "nr/train/next/savacoast_1"            
    ]
  },
  "nr.train.next.savacoast_2": {
    "sounds": [
        "nr/train/next/savacoast_2"            
    ]
  },
  "nr.train.next.savacanyon_1": {
    "sounds": [
        "nr/train/next/savacanyon_1"            
    ]
  },
  "nr.train.next.savacanyon_2": {
    "sounds": [
        "nr/train/next/savacanyon_2"            
    ]
  },
  "nr.train.next.savacanyon_3": {
    "sounds": [
        "nr/train/next/savacanyon_3"            
    ]
  },
  "nr.train.next.savacanyon_4": {
    "sounds": [
        "nr/train/next/savacanyon_4"            
    ]
  },
  "nr.train.next.westshoal_1": {
    "sounds": [
        "nr/train/next/westshoal_1"            
    ]
  },
  "nr.train.next.westshoal_2": {
    "sounds": [
        "nr/train/next/westshoal_2"            
    ]
  },
  "nr.train.next.westshoal_3": {
    "sounds": [
        "nr/train/next/westshoal_3"            
    ]
  },
  "nr.train.next.westshoal_4": {
    "sounds": [
        "nr/train/next/westshoal_4"            
    ]
  },
  "nr.train.next.buflyisland_1": {
    "sounds": [
        "nr/train/next/buflyisland_1"            
    ]
  },
  "nr.train.next.buflyisland_2": {
    "sounds": [
        "nr/train/next/buflyisland_2"            
    ]
  },
  "nr.train.next.buflyisland_0304": {
    "sounds": [
        "nr/train/next/buflyisland_0304"            
    ]
  },
  "nr.train.next.downwellsand_1": {
    "sounds": [
        "nr/train/next/downwellsand_1"            
    ]
  },
  "nr.train.next.downwellsand_2": {
    "sounds": [
        "nr/train/next/downwellsand_2"            
    ]
  },
  "nr.train.next.upwellsand_1": {
    "sounds": [
        "nr/train/next/upwellsand_1"            
    ]
  },
  "nr.train.next.upwellsand_2": {
    "sounds": [
        "nr/train/next/upwellsand_2"            
    ]
  },
  "nr.train.next.upwellsand_wrl": {
    "sounds": [
        "nr/train/next/upwellsand_wrl"            
    ]
  },
  "nr.train.next.redstadium_1": {
    "sounds": [
        "nr/train/next/redstadium_1"            
    ]
  },
  "nr.train.next.redstadium_2": {
    "sounds": [
        "nr/train/next/redstadium_2"            
    ]
  },
  "nr.train.next.redstadium_3": {
    "sounds": [
        "nr/train/next/redstadium_3"            
    ]
  },
  "nr.train.next.redstadium_4": {
    "sounds": [
        "nr/train/next/redstadium_4"            
    ]
  },
  "nr.train.next.bonyalestate_1": {
    "sounds": [
        "nr/train/next/bonyalestate_1"            
    ]
  },
  "nr.train.next.bonyalestate_2": {
    "sounds": [
        "nr/train/next/bonyalestate_2"            
    ]
  },
  "nr.train.next.seatriver_1": {
    "sounds": [
        "nr/train/next/seatriver_1"            
    ]
  },
  "nr.train.next.seatriver_2": {
    "sounds": [
        "nr/train/next/seatriver_2"            
    ]
  },
  "nr.train.next.origin_1": {
    "sounds": [
        "nr/train/next/origin_1"            
    ]
  },
  "nr.train.next.origin_2": {
    "sounds": [
        "nr/train/next/origin_2"            
    ]
  },
  "nr.train.next.origin_3": {
    "sounds": [
        "nr/train/next/origin_3"            
    ]
  },
  "nr.train.next.origin_4": {
    "sounds": [
        "nr/train/next/origin_4"            
    ]
  },
  "nr.train.next.origin_5": {
    "sounds": [
        "nr/train/next/origin_5"            
    ]
  },
  "nr.train.next.origin_6": {
    "sounds": [
        "nr/train/next/origin_6"            
    ]
  },
  "nr.train.next.katariver_1": {
    "sounds": [
        "nr/train/next/katariver_1"            
    ]
  },
  "nr.train.next.katariver_4": {
    "sounds": [
        "nr/train/next/katariver_4"            
    ]
  },
  "nr.train.next.katadelphia_1": {
    "sounds": [
        "nr/train/next/katadelphia_1"            
    ]
  },
  "nr.train.next.katadelphia_2": {
    "sounds": [
        "nr/train/next/katadelphia_2"            
    ]
  },
  "nr.train.next.kaling_1": {
    "sounds": [
        "nr/train/next/kaling_1"            
    ]
  },
  "nr.train.next.kaling_2": {
    "sounds": [
        "nr/train/next/kaling_2"            
    ]
  },
  "nr.train.next.flaskwest_1": {
    "sounds": [
        "nr/train/next/flaskwest_1"            
    ]
  },
  "nr.train.next.flaskwest_2": {
    "sounds": [
        "nr/train/next/flaskwest_2"            
    ]
  },
  "nr.train.next.flaskeast_1": {
    "sounds": [
        "nr/train/next/flaskeast_1"            
    ]
  },
  "nr.train.next.flaskeast_2": {
    "sounds": [
        "nr/train/next/flaskeast_2"            
    ]
  },
  "nr.train.next.flaskeast_3_1": {
    "sounds": [
        "nr/train/next/flaskeast_3_1"            
    ]
  },
  "nr.train.next.flaskeast_3_2": {
    "sounds": [
        "nr/train/next/flaskeast_3_2"            
    ]
  },
  "nr.train.next.flaskeast_4": {
    "sounds": [
        "nr/train/next/flaskeast_4"            
    ]
  },
  "nr.train.next.flaskeast_5_1": {
    "sounds": [
        "nr/train/next/flaskeast_5_1"            
    ]
  },
  "nr.train.next.flaskeast_5_2": {
    "sounds": [
        "nr/train/next/flaskeast_5_2"            
    ]
  },
  "nr.train.next.flaskeast_6_1": {
    "sounds": [
        "nr/train/next/flaskeast_6_1"            
    ]
  },
  "nr.train.next.flaskeast_6_2": {
    "sounds": [
        "nr/train/next/flaskeast_6_2"            
    ]
  },
  "nr.train.next.grasscrack_1": {
    "sounds": [
        "nr/train/next/grasscrack_1"            
    ]
  },
  "nr.train.next.grasscrack_2": {
    "sounds": [
        "nr/train/next/grasscrack_2"            
    ]
  },
  "nr.train.next.kongcorner_1": {
    "sounds": [
        "nr/train/next/kongcorner_1"            
    ]
  },
  "nr.train.next.kongcorner_2": {
    "sounds": [
        "nr/train/next/kongcorner_2"            
    ]
  },
  "nr.train.next.kongcorner_0304_1": {
    "sounds": [
        "nr/train/next/kongcorner_0304_1"            
    ]
  },
  "nr.train.next.kongcorner_0304_2": {
    "sounds": [
        "nr/train/next/kongcorner_0304_2"            
    ]
  },
  "nr.train.next.kongcorner_0304_3": {
    "sounds": [
        "nr/train/next/kongcorner_0304_3"            
    ]
  },
  "nr.train.next.raytree_1": {
    "sounds": [
        "nr/train/next/raytree_1"            
    ]
  },
  "nr.train.next.raytree_2": {
    "sounds": [
        "nr/train/next/raytree_2"            
    ]
  },
  "nr.train.next.prosand_1_1": {
    "sounds": [
        "nr/train/next/prosand_1_1"            
    ]
  },
  "nr.train.next.prosand_1_2": {
    "sounds": [
        "nr/train/next/prosand_1_2"            
    ]
  },
  "nr.train.next.prosand_2": {
    "sounds": [
        "nr/train/next/prosand_2"            
    ]
  },
  "nr.train.next.prosand_3": {
    "sounds": [
        "nr/train/next/prosand_3"            
    ]
  },
  "nr.train.next.prosand_4_1": {
    "sounds": [
        "nr/train/next/prosand_4_1"            
    ]
  },
  "nr.train.next.prosand_4_2": {
    "sounds": [
        "nr/train/next/prosand_4_2"            
    ]
  },
  "nr.train.next.dropletisland_1": {
    "sounds": [
        "nr/train/next/dropletisland_1"            
    ]
  },
  "nr.train.next.dropletisland_2": {
    "sounds": [
        "nr/train/next/dropletisland_2"            
    ]
  },
  "nr.train.next.dropletisland_3": {
    "sounds": [
        "nr/train/next/dropletisland_3"            
    ]
  },
  "nr.train.next.dropletisland_4": {
    "sounds": [
        "nr/train/next/dropletisland_4"            
    ]
  },
  "nr.train.next.axheadisland_1": {
    "sounds": [
        "nr/train/next/axheadisland_1"            
    ]
  },
  "nr.train.next.axheadisland_2": {
    "sounds": [
        "nr/train/next/axheadisland_2"            
    ]
  },
  "nr.train.next.fansimisland_1": {
    "sounds": [
        "nr/train/next/fansimisland_1"            
    ]
  },
  "nr.train.next.fansimisland_2": {
    "sounds": [
        "nr/train/next/fansimisland_2"            
    ]
  },
  "nr.train.next.fansimisland_3": {
    "sounds": [
        "nr/train/next/fansimisland_3"            
    ]
  },
  "nr.train.next.fansimisland_4": {
    "sounds": [
        "nr/train/next/fansimisland_4"            
    ]
  },
  "nr.train.next.heeledisland_1": {
    "sounds": [
        "nr/train/next/heeledisland_1"            
    ]
  },
  "nr.train.next.heeledisland_2": {
    "sounds": [
        "nr/train/next/heeledisland_2"            
    ]
  },
  "nr.train.next.caverisland_1": {
    "sounds": [
        "nr/train/next/caverisland_1"            
    ]
  },
  "nr.train.next.caverisland_2": {
    "sounds": [
        "nr/train/next/caverisland_2"            
    ]
  },
  "nr.train.next.metroriver_1": {
    "sounds": [
        "nr/train/next/metroriver_1"            
    ]
  },
  "nr.train.next.metroriver_2": {
    "sounds": [
        "nr/train/next/metroriver_2"            
    ]
  },
  "nr.train.next.bonyalbay_1": {
    "sounds": [
        "nr/train/next/bonyalbay_1"            
    ]
  },
  "nr.train.next.bonyalbay_2": {
    "sounds": [
        "nr/train/next/bonyalbay_2"            
    ]
  },
  "nr.train.next.bonyalbay_ri": {
    "sounds": [
        "nr/train/next/bonyalbay_ri"            
    ]
  },
  "nr.train.next.metrospring_1": {
    "sounds": [
        "nr/train/next/metrospring_1"            
    ]
  },
  "nr.train.next.metrospring_2": {
    "sounds": [
        "nr/train/next/metrospring_2"            
    ]
  },
  "nr.train.next.cyanloop_1": {
    "sounds": [
        "nr/train/next/cyanloop_1"            
    ]
  },
  "nr.train.next.cyanloop_2": {
    "sounds": [
        "nr/train/next/cyanloop_2"            
    ]
  },
  "nr.train.next.cyanloop_ri": {
    "sounds": [
        "nr/train/next/cyanloop_ri"            
    ]
  },
  "nr.train.next.highmesa_1": {
    "sounds": [
        "nr/train/next/highmesa_1"            
    ]
  },
  "nr.train.next.highmesa_2": {
    "sounds": [
        "nr/train/next/highmesa_2"            
    ]
  },
  "nr.train.next.highmesa_3": {
    "sounds": [
        "nr/train/next/highmesa_3"            
    ]
  },
  "nr.train.next.highmesa_4": {
    "sounds": [
        "nr/train/next/highmesa_4"            
    ]
  },
  "nr.train.next.zootuary_0104_1": {
    "sounds": [
        "nr/train/next/zootuary_0104_1"            
    ]
  },
  "nr.train.next.zootuary_0104_2": {
    "sounds": [
        "nr/train/next/zootuary_0104_2"            
    ]
  },
  "nr.train.next.sanannis_1": {
    "sounds": [
        "nr/train/next/sanannis_1"            
    ]
  },
  "nr.train.next.sanannis_2": {
    "sounds": [
        "nr/train/next/sanannis_2"            
    ]
  },
  "nr.train.next.katadelphianorth_1": {
    "sounds": [
        "nr/train/next/katadelphianorth_1"            
    ]
  },
  "nr.train.next.katadelphianorth_2": {
    "sounds": [
        "nr/train/next/katadelphianorth_2"            
    ]
  },
  "nr.train.next.katadelphianorth_3_1": {
    "sounds": [
        "nr/train/next/katadelphianorth_3_1"            
    ]
  },
  "nr.train.next.katadelphianorth_3_2": {
    "sounds": [
        "nr/train/next/katadelphianorth_3_2"            
    ]
  },
  "nr.train.next.katadelphianorth_4_1": {
    "sounds": [
        "nr/train/next/katadelphianorth_4_1"            
    ]
  },
  "nr.train.next.katadelphianorth_4_2": {
    "sounds": [
        "nr/train/next/katadelphianorth_4_2"            
    ]
  },
  "nr.train.next.fosina_1": {
    "sounds": [
        "nr/train/next/fosina_1"            
    ]
  },
  "nr.train.next.fosina_2": {
    "sounds": [
        "nr/train/next/fosina_2"            
    ]
  },
  "nr.train.next.highparallel_1": {
    "sounds": [
        "nr/train/next/highparallel_1"            
    ]
  },
  "nr.train.next.highparallel_2": {
    "sounds": [
        "nr/train/next/highparallel_2"            
    ]
  },
  "nr.train.next.internalseawest_1": {
    "sounds": [
        "nr/train/next/internalseawest_1"            
    ]
  },
  "nr.train.next.internalseawest_2": {
    "sounds": [
        "nr/train/next/internalseawest_2"            
    ]
  },
  "nr.train.next.internalriver_1": {
    "sounds": [
        "nr/train/next/internalriver_1"            
    ]
  },
  "nr.train.next.internalriver_2": {
    "sounds": [
        "nr/train/next/internalriver_2"            
    ]
  },
  "nr.train.next.southbay_1": {
    "sounds": [
        "nr/train/next/southbay_1"            
    ]
  },
  "nr.train.next.southbay_2": {
    "sounds": [
        "nr/train/next/southbay_2"            
    ]
  },
  "nr.train.next.southbay_3": {
    "sounds": [
        "nr/train/next/southbay_3"            
    ]
  },
  "nr.train.next.southbay_4": {
    "sounds": [
        "nr/train/next/southbay_4"            
    ]
  },
  "nr.train.next.cityorigin_1": {
    "sounds": [
        "nr/train/next/cityorigin_1"            
    ]
  },
  "nr.train.next.cityorigin_2": {
    "sounds": [
        "nr/train/next/cityorigin_2"            
    ]
  },
  "nr.train.next.kalingsea_1": {
    "sounds": [
        "nr/train/next/kalingsea_1"            
    ]
  },
  "nr.train.next.kalingsea_2": {
    "sounds": [
        "nr/train/next/kalingsea_2"            
    ]
  },
  "nr.train.next.originpond_1": {
    "sounds": [
        "nr/train/next/originpond_1"            
    ]
  },
  "nr.train.next.originpond_2": {
    "sounds": [
        "nr/train/next/originpond_2"            
    ]
  },
  "nr.train.next.piercliff_1": {
    "sounds": [
        "nr/train/next/piercliff_1"            
    ]
  },
  "nr.train.next.piercliff_2": {
    "sounds": [
        "nr/train/next/piercliff_2"            
    ]
  },
  "nr.train.next.kalingchannel_1": {
    "sounds": [
        "nr/train/next/kalingchannel_1"            
    ]
  },
  "nr.train.next.kalingchannel_2": {
    "sounds": [
        "nr/train/next/kalingchannel_2"            
    ]
  },
  "nr.train.next.vayler_1": {
    "sounds": [
        "nr/train/next/vayler_1"            
    ]
  },
  "nr.train.next.vayler_2": {
    "sounds": [
        "nr/train/next/vayler_2"            
    ]
  },
  "nr.train.next.mayler_1": {
    "sounds": [
        "nr/train/next/mayler_1"            
    ]
  },
  "nr.train.next.mayler_2": {
    "sounds": [
        "nr/train/next/mayler_2"            
    ]
  },
  "nr.train.next.jayler_1": {
    "sounds": [
        "nr/train/next/jayler_1"            
    ]
  },
  "nr.train.next.jayler_2": {
    "sounds": [
        "nr/train/next/jayler_2"            
    ]
  },
  "nr.train.next.jayler_3_1": {
    "sounds": [
        "nr/train/next/jayler_3_1"            
    ]
  },
  "nr.train.next.jayler_3_2": {
    "sounds": [
        "nr/train/next/jayler_3_2"            
    ]
  },
  "nr.train.next.jayler_4_1": {
    "sounds": [
        "nr/train/next/jayler_4_1"            
    ]
  },
  "nr.train.next.jayler_4_2": {
    "sounds": [
        "nr/train/next/jayler_4_2"            
    ]
  },
  "nr.train.next.hataceisland_1": {
    "sounds": [
        "nr/train/next/hataceisland_1"            
    ]
  },
  "nr.train.next.hataceisland_2": {
    "sounds": [
        "nr/train/next/hataceisland_2"            
    ]
  },
  "nr.train.next.beamisland_1": {
    "sounds": [
        "nr/train/next/beamisland_1"            
    ]
  },
  "nr.train.next.beamisland_2": {
    "sounds": [
        "nr/train/next/beamisland_2"            
    ]
  },
  "nr.train.next.middleisland_0102": {
    "sounds": [
        "nr/train/next/middleisland_0102"            
    ]
  },
  "nr.train.next.middleisland_0304": {
    "sounds": [
        "nr/train/next/middleisland_0304"            
    ]
  },
  "nr.train.next.middleisland_fl": {
    "sounds": [
        "nr/train/next/middleisland_fl"            
    ]
  },
  "nr.train.next.middleisland_2_1": {
    "sounds": [
        "nr/train/next/middleisland_2_1"            
    ]
  },
  "nr.train.next.middleisland_2_2": {
    "sounds": [
        "nr/train/next/middleisland_2_2"            
    ]
  },
  "nr.train.next.middleisland_4_1": {
    "sounds": [
        "nr/train/next/middleisland_4_1"            
    ]
  },
  "nr.train.next.middleisland_4_2": {
    "sounds": [
        "nr/train/next/middleisland_4_2"            
    ]
  },
  "nr.train.next.judithisland_0102": {
    "sounds": [
        "nr/train/next/judithisland_0102"            
    ]
  },
  "nr.train.next.judithisland_0304": {
    "sounds": [
        "nr/train/next/judithisland_0304"            
    ]
  },
  "nr.train.next.anshieldisland_1": {
    "sounds": [
        "nr/train/next/anshieldisland_1"            
    ]
  },
  "nr.train.next.anshieldisland_2": {
    "sounds": [
        "nr/train/next/anshieldisland_2"            
    ]
  },
  "nr.train.next.infoisland_1": {
    "sounds": [
        "nr/train/next/infoisland_1"            
    ]
  },
  "nr.train.next.infoisland_2": {
    "sounds": [
        "nr/train/next/infoisland_2"            
    ]
  },
  "nr.train.next.infoisland_3": {
    "sounds": [
        "nr/train/next/infoisland_3"            
    ]
  },
  "nr.train.next.infoisland_4": {
    "sounds": [
        "nr/train/next/infoisland_4"            
    ]
  },
  "nr.train.next.bulldozeisland_1": {
    "sounds": [
        "nr/train/next/bulldozeisland_1"            
    ]
  },
  "nr.train.next.bulldozeisland_2": {
    "sounds": [
        "nr/train/next/bulldozeisland_2"            
    ]
  },
  "nr.train.next.newjudyisland_1": {
    "sounds": [
        "nr/train/next/newjudyisland_1"            
    ]
  },
  "nr.train.next.newjudyisland_2": {
    "sounds": [
        "nr/train/next/newjudyisland_2"            
    ]
  },
  "nr.train.next.gullwoods_1": {
    "sounds": [
        "nr/train/next/gullwoods_1"            
    ]
  },
  "nr.train.next.gullwoods_2": {
    "sounds": [
        "nr/train/next/gullwoods_2"            
    ]
  },
  "nr.train.next.gullwoods_3": {
    "sounds": [
        "nr/train/next/gullwoods_3"            
    ]
  },
  "nr.train.next.gullwoods_4": {
    "sounds": [
        "nr/train/next/gullwoods_4"            
    ]
  },
  "nr.train.next.stoneshoal_1": {
    "sounds": [
        "nr/train/next/stoneshoal_1"            
    ]
  },
  "nr.train.next.stoneshoal_2": {
    "sounds": [
        "nr/train/next/stoneshoal_2"            
    ]
  },
  "nr.train.next.peckernpond_1": {
    "sounds": [
        "nr/train/next/peckernpond_1"            
    ]
  },
  "nr.train.next.peckernpond_2": {
    "sounds": [
        "nr/train/next/peckernpond_2"            
    ]
  },
  "nr.train.next.peckernpond_3": {
    "sounds": [
        "nr/train/next/peckernpond_3"            
    ]
  },
  "nr.train.next.peckernpond_4": {
    "sounds": [
        "nr/train/next/peckernpond_4"            
    ]
  },
  "nr.train.next.peckernforest_1": {
    "sounds": [
        "nr/train/next/peckernforest_1"            
    ]
  },
  "nr.train.next.peckernforest_2": {
    "sounds": [
        "nr/train/next/peckernforest_2"            
    ]
  },
  "nr.train.next.peckernforest_3": {
    "sounds": [
        "nr/train/next/peckernforest_3"            
    ]
  },
  "nr.train.next.peckernforest_4": {
    "sounds": [
        "nr/train/next/peckernforest_4"            
    ]
  },
  "nr.train.next.wativer_1": {
    "sounds": [
        "nr/train/next/wativer_1"            
    ]
  },
  "nr.train.next.wativer_2": {
    "sounds": [
        "nr/train/next/wativer_2"            
    ]
  },
  "nr.train.next.wativer_3": {
    "sounds": [
        "nr/train/next/wativer_3"            
    ]
  },
  "nr.train.next.wativer_4": {
    "sounds": [
        "nr/train/next/wativer_4"            
    ]
  },
  "nr.train.next.wativer_5_1": {
    "sounds": [
        "nr/train/next/wativer_5_1"            
    ]
  },
  "nr.train.next.wativer_5_2": {
    "sounds": [
        "nr/train/next/wativer_5_2"            
    ]
  },
  "nr.train.next.wativer_6_1": {
    "sounds": [
        "nr/train/next/wativer_6_1"            
    ]
  },
  "nr.train.next.wativer_6_2": {
    "sounds": [
        "nr/train/next/wativer_6_2"            
    ]
  },
  "nr.train.next.congorge_1": {
    "sounds": [
        "nr/train/next/congorge_1"            
    ]
  },
  "nr.train.next.congorge_2": {
    "sounds": [
        "nr/train/next/congorge_2"            
    ]
  },
  "nr.train.next.congorge_3": {
    "sounds": [
        "nr/train/next/congorge_3"            
    ]
  },
  "nr.train.next.congorge_4": {
    "sounds": [
        "nr/train/next/congorge_4"            
    ]
  },
  "nr.train.next.treelesshill_1": {
    "sounds": [
        "nr/train/next/treelesshill_1"            
    ]
  },
  "nr.train.next.treelesshill_2": {
    "sounds": [
        "nr/train/next/treelesshill_2"            
    ]
  },
  "nr.train.next.treelesshill_3": {
    "sounds": [
        "nr/train/next/treelesshill_3"            
    ]
  },
  "nr.train.next.treelesshill_4": {
    "sounds": [
        "nr/train/next/treelesshill_4"            
    ]
  },
  "nr.train.next.proyga_1": {
    "sounds": [
        "nr/train/next/proyga_1"            
    ]
  },
  "nr.train.next.proyga_2": {
    "sounds": [
        "nr/train/next/proyga_2"            
    ]
  },
  "nr.train.next.proyga_3": {
    "sounds": [
        "nr/train/next/proyga_3"            
    ]
  },
  "nr.train.next.proyga_4": {
    "sounds": [
        "nr/train/next/proyga_4"            
    ]
  },
  "nr.train.next.upperrover_1_1": {
    "sounds": [
        "nr/train/next/upperrover_1_1"            
    ]
  },
  "nr.train.next.upperrover_1_2": {
    "sounds": [
        "nr/train/next/upperrover_1_2"            
    ]
  },
  "nr.train.next.intusoccident_1": {
    "sounds": [
        "nr/train/next/intusoccident_1"            
    ]
  },
  "nr.train.next.intusoccident_2": {
    "sounds": [
        "nr/train/next/intusoccident_2"            
    ]
  },
  "nr.train.next.intusoccident_3_1": {
    "sounds": [
        "nr/train/next/intusoccident_3_1"            
    ]
  },
  "nr.train.next.intusoccident_3_2": {
    "sounds": [
        "nr/train/next/intusoccident_3_2"            
    ]
  },
  "nr.train.next.northmountain_1": {
    "sounds": [
        "nr/train/next/northmountain_1"            
    ]
  },
  "nr.train.next.northmountain_2": {
    "sounds": [
        "nr/train/next/northmountain_2"            
    ]
  },
  "nr.train.next.northmountain_0203": {
    "sounds": [
        "nr/train/next/northmountain_0203"            
    ]
  },
  "nr.train.next.northmountain_5_1": {
    "sounds": [
        "nr/train/next/northmountain_5_1"            
    ]
  },
  "nr.train.next.northmountain_5_2": {
    "sounds": [
        "nr/train/next/northmountain_5_2"            
    ]
  },
  "nr.train.next.desertfield_1": {
    "sounds": [
        "nr/train/next/desertfield_1"            
    ]
  },
  "nr.train.next.desertfield_2": {
    "sounds": [
        "nr/train/next/desertfield_2"            
    ]
  },
  "nr.train.next.roverdown_1": {
    "sounds": [
        "nr/train/next/roverdown_1"            
    ]
  },
  "nr.train.next.roverdown_2_1": {
    "sounds": [
        "nr/train/next/roverdown_2_1"            
    ]
  },
  "nr.train.next.roverdown_2_2": {
    "sounds": [
        "nr/train/next/roverdown_2_2"            
    ]
  },
  "nr.train.next.roverdown_3_1": {
    "sounds": [
        "nr/train/next/roverdown_3_1"            
    ]
  },
  "nr.train.next.roverdown_3_2": {
    "sounds": [
        "nr/train/next/roverdown_3_2"            
    ]
  },
  "nr.train.next.roverdown_4": {
    "sounds": [
        "nr/train/next/roverdown_4"            
    ]
  },
  "nr.train.next.roverdown_5": {
    "sounds": [
        "nr/train/next/roverdown_5"            
    ]
  },
  "nr.train.next.roverdown_6": {
    "sounds": [
        "nr/train/next/roverdown_6"            
    ]
  },
  "nr.train.next.roverdown_7": {
    "sounds": [
        "nr/train/next/roverdown_7"            
    ]
  },
  "nr.train.next.roverdown_8": {
    "sounds": [
        "nr/train/next/roverdown_8"            
    ]
  },
  "nr.train.next.numpool_1": {
    "sounds": [
        "nr/train/next/numpool_1"            
    ]
  },
  "nr.train.next.numpool_2": {
    "sounds": [
        "nr/train/next/numpool_2"            
    ]
  },
  "nr.train.next.numpool_ri": {
    "sounds": [
        "nr/train/next/numpool_ri"            
    ]
  },
  "nr.train.next.minernorth_1": {
    "sounds": [
        "nr/train/next/minernorth_1"            
    ]
  },
  "nr.train.next.minernorth_2_1": {
    "sounds": [
        "nr/train/next/minernorth_2_1"            
    ]
  },
  "nr.train.next.minernorth_2_2": {
    "sounds": [
        "nr/train/next/minernorth_2_2"            
    ]
  },
  "nr.train.next.minernorth_4": {
    "sounds": [
        "nr/train/next/minernorth_4"            
    ]
  },
  "nr.train.next.minernorth_temp": {
    "sounds": [
        "nr/train/next/minernorth_temp"            
    ]
  },
  "nr.train.next.boundaryisland_1_1": {
    "sounds": [
        "nr/train/next/boundaryisland_1_1"            
    ]
  },
  "nr.train.next.boundaryisland_1_2": {
    "sounds": [
        "nr/train/next/boundaryisland_1_2"            
    ]
  },
  "nr.train.next.boundaryisland_1_3": {
    "sounds": [
        "nr/train/next/boundaryisland_1_3"            
    ]
  },
  "nr.train.next.tripaw_1": {
    "sounds": [
        "nr/train/next/tripaw_1"            
    ]
  },
  "nr.train.next.tripaw_2": {
    "sounds": [
        "nr/train/next/tripaw_2"            
    ]
  },
  "nr.train.next.beltisland_1_1": {
    "sounds": [
        "nr/train/next/beltisland_1_1"            
    ]
  },
  "nr.train.next.beltisland_1_2": {
    "sounds": [
        "nr/train/next/beltisland_1_2"            
    ]
  },
  "nr.train.next.beltisland_2_1": {
    "sounds": [
        "nr/train/next/beltisland_2_1"            
    ]
  },
  "nr.train.next.beltisland_2_2": {
    "sounds": [
        "nr/train/next/beltisland_2_2"            
    ]
  },
  "nr.train.next.beltisland_3": {
    "sounds": [
        "nr/train/next/beltisland_3"            
    ]
  },
  "nr.train.next.beltisland_4": {
    "sounds": [
        "nr/train/next/beltisland_4"            
    ]
  },
  "nr.train.next.purplegate_1_1": {
    "sounds": [
        "nr/train/next/purplegate_1_1"            
    ]
  },
  "nr.train.next.purplegate_1_2": {
    "sounds": [
        "nr/train/next/purplegate_1_2"            
    ]
  },
  "nr.train.next.purplegate_2_1": {
    "sounds": [
        "nr/train/next/purplegate_2_1"            
    ]
  },
  "nr.train.next.purplegate_2_2": {
    "sounds": [
        "nr/train/next/purplegate_2_2"            
    ]
  },
  "nr.train.next.purplegate_0304_1": {
    "sounds": [
        "nr/train/next/purplegate_0304_1"            
    ]
  },
  "nr.train.next.purplegate_0304_2": {
    "sounds": [
        "nr/train/next/purplegate_0304_2"            
    ]
  },
  "nr.train.next.hillum_1": {
    "sounds": [
        "nr/train/next/hillum_1"            
    ]
  },
  "nr.train.next.hillum_2": {
    "sounds": [
        "nr/train/next/hillum_2"            
    ]
  },
  "nr.train.next.lakelane_1": {
    "sounds": [
        "nr/train/next/lakelane_1"            
    ]
  },
  "nr.train.next.lakelane_2": {
    "sounds": [
        "nr/train/next/lakelane_2"            
    ]
  },
  "nr.train.next.brackox_1": {
    "sounds": [
        "nr/train/next/brackox_1"            
    ]
  },
  "nr.train.next.brackox_2": {
    "sounds": [
        "nr/train/next/brackox_2"            
    ]
  },
  "nr.train.next.venusstreet_1": {
    "sounds": [
        "nr/train/next/venusstreet_1"            
    ]
  },
  "nr.train.next.venusstreet_2": {
    "sounds": [
        "nr/train/next/venusstreet_2"            
    ]
  },
  "nr.train.next.sandobay_1": {
    "sounds": [
        "nr/train/next/sandobay_1"            
    ]
  },
  "nr.train.next.sandobay_2": {
    "sounds": [
        "nr/train/next/sandobay_2"            
    ]
  },
  "nr.train.next.southend_1": {
    "sounds": [
        "nr/train/next/southend_1"            
    ]
  },
  "nr.train.next.southend_2": {
    "sounds": [
        "nr/train/next/southend_2"            
    ]
  },
  "nr.train.next.savannacentral_0102": {
    "sounds": [
        "nr/train/next/savannacentral_0102"            
    ]
  },
  "nr.train.next.mileadpond_1": {
    "sounds": [
        "nr/train/next/mileadpond_1"            
    ]
  },
  "nr.train.next.mileadpond_2": {
    "sounds": [
        "nr/train/next/mileadpond_2"            
    ]
  },
  "nr.train.next.woodwound_1": {
    "sounds": [
        "nr/train/next/woodwound_1"            
    ]
  },
  "nr.train.next.woodwound_2": {
    "sounds": [
        "nr/train/next/woodwound_2"            
    ]
  },
  "nr.train.next.blutrovebay_1": {
    "sounds": [
        "nr/train/next/blutrovebay_1"            
    ]
  },
  "nr.train.next.blutrovebay_2": {
    "sounds": [
        "nr/train/next/blutrovebay_2"            
    ]
  },
  "nr.train.next.szemanisland_1": {
    "sounds": [
        "nr/train/next/szemanisland_1"            
    ]
  },
  "nr.train.next.szemanisland_2": {
    "sounds": [
        "nr/train/next/szemanisland_2"            
    ]
  },
  "nr.train.next.jessicaisland_1": {
    "sounds": [
        "nr/train/next/jessicaisland_1"            
    ]
  },
  "nr.train.next.jessicaisland_2": {
    "sounds": [
        "nr/train/next/jessicaisland_2"            
    ]
  },
  "nr.train.next.inceptionbay_1": {
    "sounds": [
        "nr/train/next/inceptionbay_1"            
    ]
  },
  "nr.train.next.inceptionbay_2": {
    "sounds": [
        "nr/train/next/inceptionbay_2"            
    ]
  },
  "nr.train.next.koufusui_1": {
    "sounds": [
        "nr/train/next/koufusui_1"            
    ]
  },
  "nr.train.next.koufusui_4": {
    "sounds": [
        "nr/train/next/koufusui_4"            
    ]
  },
  "nr.train.next.sheungchenung_1": {
    "sounds": [
        "nr/train/next/sheungchenung_1"            
    ]
  },
  "nr.train.next.sheungchenung_2": {
    "sounds": [
        "nr/train/next/sheungchenung_2"            
    ]
  },
  "nr.train.next.airshipisland_1": {
    "sounds": [
        "nr/train/next/airshipisland_1"            
    ]
  },
  "nr.train.next.airshipisland_2": {
    "sounds": [
        "nr/train/next/airshipisland_2"            
    ]
  },
  "nr.train.next.airshipdeck_1": {
    "sounds": [
        "nr/train/next/airshipdeck_1"            
    ]
  },
  "nr.train.next.airshipdeck_2": {
    "sounds": [
        "nr/train/next/airshipdeck_2"            
    ]
  },
  "nr.train.next.compward_1": {
    "sounds": [
        "nr/train/next/compward_1"            
    ]
  },
  "nr.train.next.compward_2": {
    "sounds": [
        "nr/train/next/compward_2"            
    ]
  },
  "nr.train.next.compward_3": {
    "sounds": [
        "nr/train/next/compward_3"            
    ]
  },
  "nr.train.next.compward_4": {
    "sounds": [
        "nr/train/next/compward_4"            
    ]
  },
  "nr.train.next.compward_5_1": {
    "sounds": [
        "nr/train/next/compward_5_1"            
    ]
  },
  "nr.train.next.compward_5_2": {
    "sounds": [
        "nr/train/next/compward_5_2"            
    ]
  },
  "nr.train.next.compward_6_1": {
    "sounds": [
        "nr/train/next/compward_6_1"            
    ]
  },
  "nr.train.next.compward_6_2": {
    "sounds": [
        "nr/train/next/compward_6_2"            
    ]
  },
  "nr.train.next.pan-ward_1": {
    "sounds": [
        "nr/train/next/pan-ward_1"            
    ]
  },
  "nr.train.next.pan-ward_2": {
    "sounds": [
        "nr/train/next/pan-ward_2"            
    ]
  },
  "nr.train.next.comicward_1": {
    "sounds": [
        "nr/train/next/comicward_1"            
    ]
  },
  "nr.train.next.comicward_2": {
    "sounds": [
        "nr/train/next/comicward_2"            
    ]
  },
  "nr.train.next.comicward_3": {
    "sounds": [
        "nr/train/next/comicward_3"            
    ]
  },
  "nr.train.next.comicward_4": {
    "sounds": [
        "nr/train/next/comicward_4"            
    ]
  },
  "nr.train.next.nightcurve_1": {
    "sounds": [
        "nr/train/next/nightcurve_1"            
    ]
  },
  "nr.train.next.nightcurve_2": {
    "sounds": [
        "nr/train/next/nightcurve_2"            
    ]
  },
  "nr.train.next.tainungplains_1": {
    "sounds": [
        "nr/train/next/tainungplains_1"            
    ]
  },
  "nr.train.next.tainungplains_2": {
    "sounds": [
        "nr/train/next/tainungplains_2"            
    ]
  },
  "nr.train.next.leanforest_1": {
    "sounds": [
        "nr/train/next/leanforest_1"            
    ]
  },
  "nr.train.next.leanforest_2": {
    "sounds": [
        "nr/train/next/leanforest_2"            
    ]
  },
  "nr.train.next.leanforest_ri": {
    "sounds": [
        "nr/train/next/leanforest_ri"            
    ]
  },
  "nr.train.next.compassisland_1": {
    "sounds": [
        "nr/train/next/compassisland_1"            
    ]
  },
  "nr.train.next.compassisland_2": {
    "sounds": [
        "nr/train/next/compassisland_2"            
    ]
  },
  "nr.train.next.brainisland_1": {
    "sounds": [
        "nr/train/next/brainisland_1"            
    ]
  },
  "nr.train.next.brainisland_2": {
    "sounds": [
        "nr/train/next/brainisland_2"            
    ]
  },
  "nr.train.next.edwardisland_1": {
    "sounds": [
        "nr/train/next/edwardisland_1"            
    ]
  },
  "nr.train.next.edwardisland_2": {
    "sounds": [
        "nr/train/next/edwardisland_2"            
    ]
  },
  "nr.train.next.edwardisland_0306_1": {
    "sounds": [
        "nr/train/next/edwardisland_0306_1"            
    ]
  },
  "nr.train.next.edwardisland_0306_2": {
    "sounds": [
        "nr/train/next/edwardisland_0306_2"            
    ]
  },
  "nr.train.next.edwardisland_0306_3": {
    "sounds": [
        "nr/train/next/edwardisland_0306_3"            
    ]
  },
  "nr.train.next.edwardisland_0405_1": {
    "sounds": [
        "nr/train/next/edwardisland_0405_1"            
    ]
  },
  "nr.train.next.edwardisland_0405_2": {
    "sounds": [
        "nr/train/next/edwardisland_0405_2"            
    ]
  },
  "nr.train.next.edwardisland_7_1": {
    "sounds": [
        "nr/train/next/edwardisland_7_1"            
    ]
  },
  "nr.train.next.edwardisland_7_2": {
    "sounds": [
        "nr/train/next/edwardisland_7_2"            
    ]
  },
  "nr.train.next.edwardisland_8_1": {
    "sounds": [
        "nr/train/next/edwardisland_8_1"            
    ]
  },
  "nr.train.next.edwardisland_8_2": {
    "sounds": [
        "nr/train/next/edwardisland_8_2"            
    ]
  },
  "nr.train.next.aniward_1": {
    "sounds": [
        "nr/train/next/aniward_1"            
    ]
  },
  "nr.train.next.aniward_2": {
    "sounds": [
        "nr/train/next/aniward_2"            
    ]
  },
  "nr.train.next.metrostone_1": {
    "sounds": [
        "nr/train/next/metrostone_1"            
    ]
  },
  "nr.train.next.metrostone_ri": {
    "sounds": [
        "nr/train/next/metrostone_ri"            
    ]
  },
  "nr.train.next.taiwanpeninsula_1": {
    "sounds": [
        "nr/train/next/taiwanpeninsula_1"            
    ]
  },
  "nr.train.next.taiwanpeninsula_2": {
    "sounds": [
        "nr/train/next/taiwanpeninsula_2"            
    ]
  },
  "nr.train.next.taiwanpeninsula_3_1": {
    "sounds": [
        "nr/train/next/taiwanpeninsula_3_1"            
    ]
  },
  "nr.train.next.taiwanpeninsula_3_2": {
    "sounds": [
        "nr/train/next/taiwanpeninsula_3_2"            
    ]
  },
  "nr.train.next.taiwanpeninsula_4_1": {
    "sounds": [
        "nr/train/next/taiwanpeninsula_4_1"            
    ]
  },
  "nr.train.next.taiwanpeninsula_4_2": {
    "sounds": [
        "nr/train/next/taiwanpeninsula_4_2"            
    ]
  },
  "nr.train.next.wonge-tech_1": {
    "sounds": [
        "nr/train/next/wonge-tech_1"            
    ]
  },
  "nr.train.next.wonge-tech_2": {
    "sounds": [
        "nr/train/next/wonge-tech_2"            
    ]
  },
  "nr.train.next.javabeach_1": {
    "sounds": [
        "nr/train/next/javabeach_1"            
    ]
  },
  "nr.train.next.javabeach_2": {
    "sounds": [
        "nr/train/next/javabeach_2"            
    ]
  },
  "nr.train.next.pythondelta_1": {
    "sounds": [
        "nr/train/next/pythondelta_1"            
    ]
  },
  "nr.train.next.pythondelta_2": {
    "sounds": [
        "nr/train/next/pythondelta_2"            
    ]
  },
  "nr.train.next.pythondelta_end": {
    "sounds": [
        "nr/train/next/pythondelta_end"            
    ]
  },
  "nr.train.next.internalseaeast_1": {
    "sounds": [
        "nr/train/next/internalseaeast_1"            
    ]
  },
  "nr.train.next.internalseaeast_2_1": {
    "sounds": [
        "nr/train/next/internalseaeast_2_1"            
    ]
  },
  "nr.train.next.internalseaeast_2_2": {
    "sounds": [
        "nr/train/next/internalseaeast_2_2"            
    ]
  },
  "nr.train.next.mediumlake_1": {
    "sounds": [
        "nr/train/next/mediumlake_1"            
    ]
  },
  "nr.train.next.mediumlake_2": {
    "sounds": [
        "nr/train/next/mediumlake_2"            
    ]
  },
  "nr.train.next.aest_1": {
    "sounds": [
        "nr/train/next/aest_1"            
    ]
  },
  "nr.train.next.aest_2": {
    "sounds": [
        "nr/train/next/aest_2"            
    ]
  },
  "nr.train.next.veinlake_1": {
    "sounds": [
        "nr/train/next/veinlake_1"            
    ]
  },
  "nr.train.next.veinlake_2": {
    "sounds": [
        "nr/train/next/veinlake_2"            
    ]
  },
  "nr.train.next.flasksouth_1": {
    "sounds": [
        "nr/train/next/flasksouth_1"            
    ]
  },
  "nr.train.next.flasksouth_2": {
    "sounds": [
        "nr/train/next/flasksouth_2"            
    ]
  },
  "nr.train.next.flasksouth_end_flask": {
    "sounds": [
        "nr/train/next/flasksouth_end_flask"            
    ]
  },
  "nr.train.next.flasksouth_3": {
    "sounds": [
        "nr/train/next/flasksouth_3"            
    ]
  },
  "nr.train.next.flasksouth_4": {
    "sounds": [
        "nr/train/next/flasksouth_4"            
    ]
  },
  "nr.train.next.flasksouth_5_1": {
    "sounds": [
        "nr/train/next/flasksouth_5_1"            
    ]
  },
  "nr.train.next.flasksouth_5_2": {
    "sounds": [
        "nr/train/next/flasksouth_5_2"            
    ]
  },
  "nr.train.next.flasksouth_6_1": {
    "sounds": [
        "nr/train/next/flasksouth_6_1"            
    ]
  },
  "nr.train.next.flasksouth_6_2": {
    "sounds": [
        "nr/train/next/flasksouth_6_2"            
    ]
  },
  "nr.train.next.flasksouth_end_newedward": {
    "sounds": [
        "nr/train/next/flasksouth_end_newedward"            
    ]
  },
  "nr.train.next.starisland_1": {
    "sounds": [
        "nr/train/next/starisland_1"            
    ]
  },
  "nr.train.next.starisland_2": {
    "sounds": [
        "nr/train/next/starisland_2"            
    ]
  },
  "nr.train.next.inthreeisland_1": {
    "sounds": [
        "nr/train/next/inthreeisland_1"            
    ]
  },
  "nr.train.next.inthreeisland_2": {
    "sounds": [
        "nr/train/next/inthreeisland_2"            
    ]
  },
  "nr.train.next.deepondisland_1": {
    "sounds": [
        "nr/train/next/deepondisland_1"            
    ]
  },
  "nr.train.next.deepondisland_2": {
    "sounds": [
        "nr/train/next/deepondisland_2"            
    ]
  },
  "nr.train.next.deepondisland_3": {
    "sounds": [
        "nr/train/next/deepondisland_3"            
    ]
  },
  "nr.train.next.deepondisland_4": {
    "sounds": [
        "nr/train/next/deepondisland_4"            
    ]
  },
  "nr.train.next.eagleisland_1": {
    "sounds": [
        "nr/train/next/eagleisland_1"            
    ]
  },
  "nr.train.next.eagleisland_2": {
    "sounds": [
        "nr/train/next/eagleisland_2"            
    ]
  },
  "nr.train.next.landingpole_1": {
    "sounds": [
        "nr/train/next/landingpole_1"            
    ]
  },
  "nr.train.next.landingpole_2": {
    "sounds": [
        "nr/train/next/landingpole_2"            
    ]
  },
  "nr.train.next.landingpole_ri": {
    "sounds": [
        "nr/train/next/landingpole_ri"            
    ]
  },
  "nr.train.next.landingpole_end": {
    "sounds": [
        "nr/train/next/landingpole_end"            
    ]
  },
  "nr.train.next.coastedge_1": {
    "sounds": [
        "nr/train/next/coastedge_1"            
    ]
  },
  "nr.train.next.coastedge_2": {
    "sounds": [
        "nr/train/next/coastedge_2"            
    ]
  },
  "nr.train.next.thickriver_1": {
    "sounds": [
        "nr/train/next/thickriver_1"            
    ]
  },
  "nr.train.next.thickriver_2": {
    "sounds": [
        "nr/train/next/thickriver_2"            
    ]
  },
  "nr.train.next.thickriver_3": {
    "sounds": [
        "nr/train/next/thickriver_3"            
    ]
  },
  "nr.train.next.thickriver_4": {
    "sounds": [
        "nr/train/next/thickriver_4"            
    ]
  },
  "nr.train.next.thickriver_5_1": {
    "sounds": [
        "nr/train/next/thickriver_5_1"            
    ]
  },
  "nr.train.next.thickriver_5_2": {
    "sounds": [
        "nr/train/next/thickriver_5_2"            
    ]
  },
  "nr.train.next.thickriver_6_1": {
    "sounds": [
        "nr/train/next/thickriver_6_1"            
    ]
  },
  "nr.train.next.thickriver_6_2": {
    "sounds": [
        "nr/train/next/thickriver_6_2"            
    ]
  },
  "nr.train.next.thickriver_temp": {
    "sounds": [
        "nr/train/next/thickriver_temp"            
    ]
  },
  "nr.train.next.thinriver_1": {
    "sounds": [
        "nr/train/next/thinriver_1"            
    ]
  },
  "nr.train.next.thinriver_2": {
    "sounds": [
        "nr/train/next/thinriver_2"            
    ]
  },
  "nr.train.next.thinriver_3": {
    "sounds": [
        "nr/train/next/thinriver_3"            
    ]
  },
  "nr.train.next.thinriver_4": {
    "sounds": [
        "nr/train/next/thinriver_4"            
    ]
  },
  "nr.train.next.thinriver_end_arcgo": {
    "sounds": [
        "nr/train/next/thinriver+end_arcgo"            
    ]
  },
  "nr.train.next.whitemargin_1": {
    "sounds": [
        "nr/train/next/whitemargin_1"            
    ]
  },
  "nr.train.next.whitemargin_2": {
    "sounds": [
        "nr/train/next/whitemargin_2"            
    ]
  },
  "nr.train.next.whitemargin_remain": {
    "sounds": [
        "nr/train/next/whitemargin_remain"            
    ]
  },
  "nr.train.next.eastmargin_1": {
    "sounds": [
        "nr/train/next/eastmargin_1"            
    ]
  },
  "nr.train.next.eastmargin_2": {
    "sounds": [
        "nr/train/next/eastmargin_2"            
    ]
  },
  "nr.train.next.eastmargin_remain": {
    "sounds": [
        "nr/train/next/eastmargin_remain"            
    ]
  },
  "nr.train.next.eastmargin_end": {
    "sounds": [
        "nr/train/next/eastmargin_end"            
    ]
  },
  "nr.train.next.ingresssouth_1": {
    "sounds": [
        "nr/train/next/ingresssouth_1"            
    ]
  },
  "nr.train.next.ingresssouth_6": {
    "sounds": [
        "nr/train/next/ingresssouth_6"            
    ]
  },
  "nr.train.next.ingresssouth_02030405_1": {
    "sounds": [
        "nr/train/next/ingresssouth_02030405_1"            
    ]
  },
  "nr.train.next.ingresssouth_02030405_2": {
    "sounds": [
        "nr/train/next/ingresssouth_02030405_2"            
    ]
  },
  "nr.train.next.ingresssouth_end_luxter": {
    "sounds": [
        "nr/train/next/ingresssouth_end_luxter"            
    ]
  },
  "nr.train.next.dul-las_1": {
    "sounds": [
        "nr/train/next/dul-las_1"            
    ]
  },
  "nr.train.next.dul-las_2": {
    "sounds": [
        "nr/train/next/dul-las_2"            
    ]
  },
  "nr.train.next.polibiomes_1": {
    "sounds": [
        "nr/train/next/polibiomes_1"            
    ]
  },
  "nr.train.next.polibiomes_2_1": {
    "sounds": [
        "nr/train/next/polibiomes_2_1"            
    ]
  },
  "nr.train.next.polibiomes_2_2": {
    "sounds": [
        "nr/train/next/polibiomes_2_2"            
    ]
  },
  "nr.train.next.polibiomes_3_1": {
    "sounds": [
        "nr/train/next/polibiomes_3_1"            
    ]
  },
  "nr.train.next.polibiomes_3_2": {
    "sounds": [
        "nr/train/next/polibiomes_3_2"            
    ]
  },
  "nr.train.next.polibiomes_4": {
    "sounds": [
        "nr/train/next/polibiomes_4"            
    ]
  },
  "nr.train.next.palerivering_1": {
    "sounds": [
        "nr/train/next/palerivering_1"            
    ]
  },
  "nr.train.next.palerivering_2": {
    "sounds": [
        "nr/train/next/palerivering_2"            
    ]
  },
  "nr.train.next.youngstersspit_1": {
    "sounds": [
        "nr/train/next/youngstersspit_1"            
    ]
  },
  "nr.train.next.youngstersspit_2": {
    "sounds": [
        "nr/train/next/youngstersspit_2"            
    ]
  },
  "nr.train.next.swampone_1": {
    "sounds": [
        "nr/train/next/swampone_1"            
    ]
  },
  "nr.train.next.swampone_2": {
    "sounds": [
        "nr/train/next/swampone_2"            
    ]
  },
  "nr.train.next.i-river_1": {
    "sounds": [
        "nr/train/next/i-river_1"            
    ]
  },
  "nr.train.next.i-river_2": {
    "sounds": [
        "nr/train/next/i-river_2"            
    ]
  },
  "nr.train.next.upperoasis_1": {
    "sounds": [
        "nr/train/next/upperoasis_1"            
    ]
  },
  "nr.train.next.upperoasis_2": {
    "sounds": [
        "nr/train/next/upperoasis_2"            
    ]
  },
  "nr.train.next.vectorbay_1": {
    "sounds": [
        "nr/train/next/vectorbay_1"            
    ]
  },
  "nr.train.next.vectorbay_2": {
    "sounds": [
        "nr/train/next/vectorbay_2"            
    ]
  },
  "nr.train.next.vertextip_1": {
    "sounds": [
        "nr/train/next/vertextip_1"            
    ]
  },
  "nr.train.next.vertextip_2": {
    "sounds": [
        "nr/train/next/vertextip_2"            
    ]
  },
  "nr.train.next.tipeast_1": {
    "sounds": [
        "nr/train/next/tipeast_1"            
    ]
  },
  "nr.train.next.tipeast_4": {
    "sounds": [
        "nr/train/next/tipeast_4"            
    ]
  },
  "nr.train.next.sharpnessplains_1": {
    "sounds": [
        "nr/train/next/sharpnessplains_1"            
    ]
  },
  "nr.train.next.sharpnessplains_2": {
    "sounds": [
        "nr/train/next/sharpnessplains_2"            
    ]
  },
  "nr.train.next.loweroasis_1": {
    "sounds": [
        "nr/train/next/loweroasis_1"            
    ]
  },
  "nr.train.next.loweroasis_2": {
    "sounds": [
        "nr/train/next/loweroasis_2"            
    ]
  },
  "nr.train.next.loweroasis_3": {
    "sounds": [
        "nr/train/next/loweroasis_3"            
    ]
  },
  "nr.train.next.loweroasis_4": {
    "sounds": [
        "nr/train/next/loweroasis_4"            
    ]
  },
  "nr.train.next.loweroasis_end_flask": {
    "sounds": [
        "nr/train/next/loweroasis_end_flask"            
    ]
  },
  "nr.train.next.litchipool_1": {
    "sounds": [
        "nr/train/next/litchipool_1"            
    ]
  },
  "nr.train.next.litchipool_2": {
    "sounds": [
        "nr/train/next/litchipool_2"            
    ]
  },
  "nr.train.next.vertowvalley_1": {
    "sounds": [
        "nr/train/next/vertowvalley_1"            
    ]
  },
  "nr.train.next.vertowvalley_2": {
    "sounds": [
        "nr/train/next/vertowvalley_2"            
    ]
  },
  "nr.train.next.vertowvalley_3": {
    "sounds": [
        "nr/train/next/vertowvalley_3"            
    ]
  },
  "nr.train.next.vertowvalley_4": {
    "sounds": [
        "nr/train/next/vertowvalley_4"            
    ]
  },
  "nr.train.next.spikeend_1": {
    "sounds": [
        "nr/train/next/spikeend_1"            
    ]
  },
  "nr.train.next.spikeend_2": {
    "sounds": [
        "nr/train/next/spikeend_2"            
    ]
  },
  "nr.train.next.spikeend_3": {
    "sounds": [
        "nr/train/next/spikeend_3"            
    ]
  },
  "nr.train.next.spikeend_4": {
    "sounds": [
        "nr/train/next/spikeend_4"            
    ]
  },
  "nr.train.next.glacier_0102_1": {
    "sounds": [
        "nr/train/next/glacier_0102_1"            
    ]
  },
  "nr.train.next.glacier_0102_2": {
    "sounds": [
        "nr/train/next/glacier_0102_2"            
    ]
  },
  "nr.train.next.glacier_0304_1": {
    "sounds": [
        "nr/train/next/glacier_0304_1"            
    ]
  },
  "nr.train.next.glacier_0304_2": {
    "sounds": [
        "nr/train/next/glacier_0304_2"            
    ]
  },
  "nr.train.next.ingressflatland_1": {
    "sounds": [
        "nr/train/next/ingressflatland_1"            
    ]
  },
  "nr.train.next.ingressflatland_2": {
    "sounds": [
        "nr/train/next/ingressflatland_2"            
    ]
  },
  "nr.train.next.ingressflatland_end": {
    "sounds": [
        "nr/train/next/ingressflatland_end"            
    ]
  },
  "nr.train.next.coldstream_1": {
    "sounds": [
        "nr/train/next/coldstream_1"            
    ]
  },
  "nr.train.next.coldstream_2": {
    "sounds": [
        "nr/train/next/coldstream_2"            
    ]
  },
  "nr.train.next.sabertower_1": {
    "sounds": [
        "nr/train/next/sabertower_1"            
    ]
  },
  "nr.train.next.sabertower_2": {
    "sounds": [
        "nr/train/next/sabertower_2"            
    ]
  },
  "nr.train.next.circlepit_1": {
    "sounds": [
        "nr/train/next/circlepit_1"            
    ]
  },
  "nr.train.next.circlepit_2": {
    "sounds": [
        "nr/train/next/circlepit_2"            
    ]
  },
  "nr.train.next.circlepit_3": {
    "sounds": [
        "nr/train/next/circlepit_3"            
    ]
  },
  "nr.train.next.circlepit_4": {
    "sounds": [
        "nr/train/next/circlepit_4"            
    ]
  },
  "nr.train.next.circlepit_end_arcgo": {
    "sounds": [
        "nr/train/next/circlepit_end_arcgo"            
    ]
  },
  "nr.train.next.ingressbeach_1": {
    "sounds": [
        "nr/train/next/ingressbeach_1"            
    ]
  },
  "nr.train.next.ingressbeach_2": {
    "sounds": [
        "nr/train/next/ingressbeach_2"            
    ]
  },
  "nr.train.next.peacefulsteps_1": {
    "sounds": [
        "nr/train/next/peacefulsteps_1"            
    ]
  },
  "nr.train.next.peacefulsteps_2": {
    "sounds": [
        "nr/train/next/peacefulsteps_2"            
    ]
  },
  "nr.train.next.justin_1": {
    "sounds": [
        "nr/train/next/justin_1"            
    ]
  },
  "nr.train.next.justin_2": {
    "sounds": [
        "nr/train/next/justin_2"            
    ]
  },
  "nr.train.next.justin_end": {
    "sounds": [
        "nr/train/next/justin_end"            
    ]
  },
  "nr.train.next.purplaetus_1": {
    "sounds": [
        "nr/train/next/purplaetus_1"            
    ]
  },
  "nr.train.next.purplaetus_2": {
    "sounds": [
        "nr/train/next/purplaetus_2"            
    ]
  },
  "nr.train.next.purplaetus_3_1": {
    "sounds": [
        "nr/train/next/purplaetus_3_1"            
    ]
  },
  "nr.train.next.purplaetus_3_2": {
    "sounds": [
        "nr/train/next/purplaetus_3_2"            
    ]
  },
  "nr.train.next.purplaetus_4_1": {
    "sounds": [
        "nr/train/next/purplaetus_4_1"            
    ]
  },
  "nr.train.next.purplaetus_4_2": {
    "sounds": [
        "nr/train/next/purplaetus_4_2"            
    ]
  },
  "nr.train.next.purplaetus_end_daring": {
    "sounds": [
        "nr/train/next/purplaetus_end_daring"            
    ]
  },
  "nr.train.next.cansandbay_1": {
    "sounds": [
        "nr/train/next/cansandbay_1"            
    ]
  },
  "nr.train.next.cansandbay_2": {
    "sounds": [
        "nr/train/next/cansandbay_2"            
    ]
  },
  "nr.train.next.cansandbay_3": {
    "sounds": [
        "nr/train/next/cansandbay_3"            
    ]
  },
  "nr.train.next.cansandbay_4": {
    "sounds": [
        "nr/train/next/cansandbay_4"            
    ]
  },
  "nr.train.next.cansandbay_end_flask": {
    "sounds": [
        "nr/train/next/cansandbay_end_flask"            
    ]
  },
  "nr.train.next.cansandbay_end_oasisbay": {
    "sounds": [
        "nr/train/next/cansandbay_end_oasisbay"            
    ]
  },
  "nr.train.next.woodenabyss_1": {
    "sounds": [
        "nr/train/next/woodenabyss_1"            
    ]
  },
  "nr.train.next.woodenabyss_2": {
    "sounds": [
        "nr/train/next/woodenabyss_2"            
    ]
  },
  "nr.train.next.woodenabyss_3": {
    "sounds": [
        "nr/train/next/woodenabyss_3"            
    ]
  },
  "nr.train.next.woodenabyss_4": {
    "sounds": [
        "nr/train/next/woodenabyss_4"            
    ]
  },
  "nr.train.next.adjupit_1": {
    "sounds": [
        "nr/train/next/adjupit_1"            
    ]
  },
  "nr.train.next.adjupit_2": {
    "sounds": [
        "nr/train/next/adjupit_2"            
    ]
  },
  "nr.train.next.heartriver_1": {
    "sounds": [
        "nr/train/next/heartriver_1"            
    ]
  },
  "nr.train.next.heartriver_2": {
    "sounds": [
        "nr/train/next/heartriver_2"            
    ]
  },
  "nr.train.next.backcommabeach_1": {
    "sounds": [
        "nr/train/next/backcommabeach_1"            
    ]
  },
  "nr.train.next.backcommabeach_2": {
    "sounds": [
        "nr/train/next/backcommabeach_2"            
    ]
  },
  "nr.train.next.southernheights_1": {
    "sounds": [
        "nr/train/next/southernheights_1"            
    ]
  },
  "nr.train.next.southernheights_2": {
    "sounds": [
        "nr/train/next/southernheights_2"            
    ]
  },
  "nr.train.next.southernheights_end": {
    "sounds": [
        "nr/train/next/southernheights_end"            
    ]
  },
  "nr.train.next.silverplateau_1": {
    "sounds": [
        "nr/train/next/silverplateau_1"            
    ]
  },
  "nr.train.next.silverplateau_2": {
    "sounds": [
        "nr/train/next/silverplateau_2"            
    ]
  },
  "nr.train.next.silverplateau_3_1": {
    "sounds": [
        "nr/train/next/silverplateau_3_1"            
    ]
  },
  "nr.train.next.silverplateau_3_2": {
    "sounds": [
        "nr/train/next/silverplateau_3_2"            
    ]
  },
  "nr.train.next.silverplateau_4_1": {
    "sounds": [
        "nr/train/next/silverplateau_4_1"            
    ]
  },
  "nr.train.next.silverplateau_4_2": {
    "sounds": [
        "nr/train/next/silverplateau_4_2"            
    ]
  },
  "nr.train.next.lsworldexpo_0102_1": {
    "sounds": [
        "nr/train/next/lsworldexpo_0102_1"            
    ]
  },
  "nr.train.next.lsworldexpo_0102_2": {
    "sounds": [
        "nr/train/next/lsworldexpo_0102_2"            
    ]
  },
  "nr.train.next.flasknorth_1": {
    "sounds": [
        "nr/train/next/flasknorth_1"            
    ]
  },
  "nr.train.next.flasknorth_2": {
    "sounds": [
        "nr/train/next/flasknorth_2"            
    ]
  },
  "nr.train.next.flasknorth_3_1": {
    "sounds": [
        "nr/train/next/flasknorth_3_1"            
    ]
  },
  "nr.train.next.flasknorth_3_2": {
    "sounds": [
        "nr/train/next/flasknorth_3_2"            
    ]
  },
  "nr.train.next.flasknorth_4_1": {
    "sounds": [
        "nr/train/next/flasknorth_4_1"            
    ]
  },
  "nr.train.next.flasknorth_4_2": {
    "sounds": [
        "nr/train/next/flasknorth_4_2"            
    ]
  },
  "nr.train.next.firetwoisland_1": {
    "sounds": [
        "nr/train/next/firetwoisland_1"            
    ]
  },
  "nr.train.next.firetwoisland_2": {
    "sounds": [
        "nr/train/next/firetwoisland_2"            
    ]
  },
  "nr.train.next.ingressdiamond_1": {
    "sounds": [
        "nr/train/next/ingressdiamond_1"            
    ]
  },
  "nr.train.next.ingressdiamond_2": {
    "sounds": [
        "nr/train/next/ingressdiamond_2"            
    ]
  },
  "nr.train.next.ingressdiamond_3": {
    "sounds": [
        "nr/train/next/ingressdiamond_3"            
    ]
  },
  "nr.train.next.ingressdiamond_4": {
    "sounds": [
        "nr/train/next/ingressdiamond_4"            
    ]
  },
  "nr.train.next.coldlandbay_1": {
    "sounds": [
        "nr/train/next/coldlandbay_1"            
    ]
  },
  "nr.train.next.coldlandbay_2": {
    "sounds": [
        "nr/train/next/coldlandbay_2"            
    ]
  },
  "nr.train.next.coldlandbay_3": {
    "sounds": [
        "nr/train/next/coldlandbay_3"            
    ]
  },
  "nr.train.next.coldlandbay_4": {
    "sounds": [
        "nr/train/next/coldlandbay_4"            
    ]
  },
  "nr.train.next.underhill_1": {
    "sounds": [
        "nr/train/next/underhill_1"            
    ]
  },
  "nr.train.next.underhill_2": {
    "sounds": [
        "nr/train/next/underhill_2"            
    ]
  },
  "nr.train.next.underhill_3": {
    "sounds": [
        "nr/train/next/underhill_3"            
    ]
  },
  "nr.train.next.underhill_4": {
    "sounds": [
        "nr/train/next/underhill_4"            
    ]
  },
  "nr.train.next.comrelisland_1": {
    "sounds": [
        "nr/train/next/comrelisland_1"            
    ]
  },
  "nr.train.next.comrelisland_2": {
    "sounds": [
        "nr/train/next/comrelisland_2"            
    ]
  },
  "nr.train.next.perquelisland_1": {
    "sounds": [
        "nr/train/next/perquelisland_1"            
    ]
  },
  "nr.train.next.perquelisland_2": {
    "sounds": [
        "nr/train/next/perquelisland_2"            
    ]
  },
  "nr.train.next.squirreltail_1": {
    "sounds": [
        "nr/train/next/squirreltail_1"            
    ]
  },
  "nr.train.next.squirreltail_2": {
    "sounds": [
        "nr/train/next/squirreltail_2"            
    ]
  },
  "nr.train.next.squirreltail_3": {
    "sounds": [
        "nr/train/next/squirreltail_3"            
    ]
  },
  "nr.train.next.squirreltail_4": {
    "sounds": [
        "nr/train/next/squirreltail_4"            
    ]
  },
  "nr.train.next.outcave_1": {
    "sounds": [
        "nr/train/next/outcave_1"            
    ]
  },
  "nr.train.next.outcave_2": {
    "sounds": [
        "nr/train/next/outcave_2"            
    ]
  },
  "nr.train.next.bellisland_1": {
    "sounds": [
        "nr/train/next/bellisland_1"            
    ]
  },
  "nr.train.next.bellisland_2": {
    "sounds": [
        "nr/train/next/bellisland_2"            
    ]
  },
  "nr.train.next.visitorsground_1": {
    "sounds": [
        "nr/train/next/visitorsground_1"            
    ]
  },
  "nr.train.next.visitorsground_2": {
    "sounds": [
        "nr/train/next/visitorsground_2"            
    ]
  },
  "nr.train.next.johnsonviews_1": {
    "sounds": [
        "nr/train/next/johnsonviews_1"            
    ]
  },
  "nr.train.next.johnsonviews_2": {
    "sounds": [
        "nr/train/next/johnsonviews_2"            
    ]
  },
  "nr.train.next.keplermount_1": {
    "sounds": [
        "nr/train/next/keplermount_1"            
    ]
  },
  "nr.train.next.keplermount_2": {
    "sounds": [
        "nr/train/next/keplermount_2"            
    ]
  },
  "nr.train.next.keplermount_3_1": {
    "sounds": [
        "nr/train/next/keplermount_3_1"            
    ]
  },
  "nr.train.next.keplermount_3_2": {
    "sounds": [
        "nr/train/next/keplermount_3_2"            
    ]
  },
  "nr.train.next.keplermount_4_1": {
    "sounds": [
        "nr/train/next/keplermount_4_1"            
    ]
  },
  "nr.train.next.keplermount_4_2": {
    "sounds": [
        "nr/train/next/keplermount_4_2"            
    ]
  },
  "nr.train.next.keplermount_erl": {
    "sounds": [
        "nr/train/next/keplermount_erl"            
    ]
  },
  "nr.train.next.newmonthriver_1": {
    "sounds": [
        "nr/train/next/newmonthriver_1"            
    ]
  },
  "nr.train.next.newmonthriver_2": {
    "sounds": [
        "nr/train/next/newmonthriver_2"            
    ]
  },
  "nr.train.next.newmonthriver_3": {
    "sounds": [
        "nr/train/next/newmonthriver_3"            
    ]
  },
  "nr.train.next.newmonthriver_4": {
    "sounds": [
        "nr/train/next/newmonthriver_4"            
    ]
  },
  "nr.train.next.hourglassbay_1": {
    "sounds": [
        "nr/train/next/hourglassbay_1"            
    ]
  },
  "nr.train.next.hourglassbay_2": {
    "sounds": [
        "nr/train/next/hourglassbay_2"            
    ]
  },
  "nr.train.next.hourglassbay_3": {
    "sounds": [
        "nr/train/next/hourglassbay_3"            
    ]
  },
  "nr.train.next.hourglassbay_4": {
    "sounds": [
        "nr/train/next/hourglassbay_4"            
    ]
  },
  "nr.train.next.litchilake_1": {
    "sounds": [
        "nr/train/next/litchilake_1"            
    ]
  },
  "nr.train.next.litchilake_2": {
    "sounds": [
        "nr/train/next/litchilake_2"            
    ]
  },
  "nr.train.next.litchilake_nel": {
    "sounds": [
        "nr/train/next/litchilake_nel"            
    ]
  },
  "nr.train.next.elevateisland_1": {
    "sounds": [
        "nr/train/next/elevateisland_1"            
    ]
  },
  "nr.train.next.elevateisland_2": {
    "sounds": [
        "nr/train/next/elevateisland_2"            
    ]
  },
  "nr.train.next.rapidrivulet_1": {
    "sounds": [
        "nr/train/next/rapidrivulet_1"            
    ]
  },
  "nr.train.next.rapidrivulet_2": {
    "sounds": [
        "nr/train/next/rapidrivulet_2"            
    ]
  },
  "nr.train.next.rapidrivulet_3": {
    "sounds": [
        "nr/train/next/rapidrivulet_3"            
    ]
  },
  "nr.train.next.rapidrivulet_4": {
    "sounds": [
        "nr/train/next/rapidrivulet_4"            
    ]
  },
  "nr.train.next.quarterbasin_1": {
    "sounds": [
        "nr/train/next/quarterbasin_1"            
    ]
  },
  "nr.train.next.quarterbasin_2": {
    "sounds": [
        "nr/train/next/quarterbasin_2"            
    ]
  },
  "nr.train.next.parallelbay_1": {
    "sounds": [
        "nr/train/next/parallelbay_1"            
    ]
  },
  "nr.train.next.parallelbay_2": {
    "sounds": [
        "nr/train/next/parallelbay_2"            
    ]
  },
  "nr.train.next.parallelbay_3": {
    "sounds": [
        "nr/train/next/parallelbay_3"            
    ]
  },
  "nr.train.next.parallelbay_4": {
    "sounds": [
        "nr/train/next/parallelbay_4"            
    ]
  },
  "nr.train.next.iceluteisland_1": {
    "sounds": [
        "nr/train/next/iceluteisland_1"            
    ]
  },
  "nr.train.next.iceluteisland_2": {
    "sounds": [
        "nr/train/next/iceluteisland_2"            
    ]
  },
  "nr.train.next.flameluteisland_1": {
    "sounds": [
        "nr/train/next/flameluteisland_1"            
    ]
  },
  "nr.train.next.flameluteisland_2": {
    "sounds": [
        "nr/train/next/flameluteisland_2"            
    ]
  },
  "nr.train.next.yowahnorth_1": {
    "sounds": [
        "nr/train/next/yowahnorth_1"            
    ]
  },
  "nr.train.next.yowahnorth_2": {
    "sounds": [
        "nr/train/next/yowahnorth_2"            
    ]
  },
  "nr.train.next.riverrendezvous_1": {
    "sounds": [
        "nr/train/next/riverrendezvous_1"            
    ]
  },
  "nr.train.next.riverrendezvous_2": {
    "sounds": [
        "nr/train/next/riverrendezvous_2"            
    ]
  },
  "nr.train.next.warmcairn_1": {
    "sounds": [
        "nr/train/next/warmcairn_1"            
    ]
  },
  "nr.train.next.warmcairn_2": {
    "sounds": [
        "nr/train/next/warmcairn_2"            
    ]
  },
  "nr.train.next.cometterrace_1": {
    "sounds": [
        "nr/train/next/cometterrace_1"            
    ]
  },
  "nr.train.next.cometterrace_2": {
    "sounds": [
        "nr/train/next/cometterrace_2"            
    ]
  },
  "nr.train.next.cometterrace_3": {
    "sounds": [
        "nr/train/next/cometterrace_3"            
    ]
  },
  "nr.train.next.cometterrace_4": {
    "sounds": [
        "nr/train/next/cometterrace_4"            
    ]
  },
  "nr.train.next.spinstoneplane_1": {
    "sounds": [
        "nr/train/next/spinstoneplane_1"            
    ]
  },
  "nr.train.next.spinstoneplane_2": {
    "sounds": [
        "nr/train/next/spinstoneplane_2"            
    ]
  },
  "nr.train.next.spinstoneplane_3_1": {
    "sounds": [
        "nr/train/next/spinstoneplane_3_1"            
    ]
  },
  "nr.train.next.spinstoneplane_3_2": {
    "sounds": [
        "nr/train/next/spinstoneplane_3_2"            
    ]
  },
  "nr.train.next.spinstoneplane_4_1": {
    "sounds": [
        "nr/train/next/spinstoneplane_4_1"            
    ]
  },
  "nr.train.next.spinstoneplane_4_2": {
    "sounds": [
        "nr/train/next/spinstoneplane_4_2"            
    ]
  },
  "nr.train.next.weavingplate_1": {
    "sounds": [
        "nr/train/next/weavingplate_1"            
    ]
  },
  "nr.train.next.weavingplate_2": {
    "sounds": [
        "nr/train/next/weavingplate_2"            
    ]
  },
  "nr.train.next.silkpondvista_1": {
    "sounds": [
        "nr/train/next/silkpondvista_1"            
    ]
  },
  "nr.train.next.silkpondvista_2": {
    "sounds": [
        "nr/train/next/silkpondvista_2"            
    ]
  },
  "nr.train.next.silkpond_1": {
    "sounds": [
        "nr/train/next/silkpond_1"            
    ]
  },
  "nr.train.next.silkpond_2": {
    "sounds": [
        "nr/train/next/silkpond_2"            
    ]
  },
  "nr.train.next.gentleisland_1": {
    "sounds": [
        "nr/train/next/gentleisland_1"            
    ]
  },
  "nr.train.next.gentleisland_2": {
    "sounds": [
        "nr/train/next/gentleisland_2"            
    ]
  },
  "nr.train.next.harvestriver_1": {
    "sounds": [
        "nr/train/next/harvestriver_1"            
    ]
  },
  "nr.train.next.harvestriver_2": {
    "sounds": [
        "nr/train/next/harvestriver_2"            
    ]
  },
  "nr.train.next.virtelheights_1": {
    "sounds": [
        "nr/train/next/virtelheights_1"            
    ]
  },
  "nr.train.next.virtelheights_2": {
    "sounds": [
        "nr/train/next/virtelheights_2"            
    ]
  },
  "nr.train.next.virtelheights_3": {
    "sounds": [
        "nr/train/next/virtelheights_3"            
    ]
  },
  "nr.train.next.virtelheights_4": {
    "sounds": [
        "nr/train/next/virtelheights_4"            
    ]
  },
  "nr.train.next.virtelheights_5_1": {
    "sounds": [
        "nr/train/next/virtelheights_5_1"            
    ]
  },
  "nr.train.next.virtelheights_5_2": {
    "sounds": [
        "nr/train/next/virtelheights_5_2"            
    ]
  },
  "nr.train.next.virtelheights_6_1": {
    "sounds": [
        "nr/train/next/virtelheights_6_1"            
    ]
  },
  "nr.train.next.virtelheights_6_2": {
    "sounds": [
        "nr/train/next/virtelheights_6_2"            
    ]
  },
  "nr.train.next.virtelheights_temp": {
    "sounds": [
        "nr/train/next/virtelheights_temp"            
    ]
  },
  "nr.train.next.torrentsouth_1": {
    "sounds": [
        "nr/train/next/torrentsouth_1"            
    ]
  },
  "nr.train.next.torrentsouth_2": {
    "sounds": [
        "nr/train/next/torrentsouth_2"            
    ]
  },
  "nr.train.next.duneocean_1": {
    "sounds": [
        "nr/train/next/duneocean_1"            
    ]
  },
  "nr.train.next.duneocean_2": {
    "sounds": [
        "nr/train/next/duneocean_2"            
    ]
  },
  "nr.train.next.dawnhill_1": {
    "sounds": [
        "nr/train/next/dawnhill_1"            
    ]
  },
  "nr.train.next.dawnhill_2": {
    "sounds": [
        "nr/train/next/dawnhill_2"            
    ]
  },
  "nr.train.next.abunesteast_1": {
    "sounds": [
        "nr/train/next/abunesteast_1"            
    ]
  },
  "nr.train.next.abunesteast_2": {
    "sounds": [
        "nr/train/next/abunesteast_2"            
    ]
  },
  "nr.train.next.abunestwest_1": {
    "sounds": [
        "nr/train/next/abunestwest_1"            
    ]
  },
  "nr.train.next.abunestwest_2": {
    "sounds": [
        "nr/train/next/abunestwest_2"            
    ]
  },
  "nr.train.next.xyloggate_1": {
    "sounds": [
        "nr/train/next/xyloggate_1"            
    ]
  },
  "nr.train.next.xyloggate_2": {
    "sounds": [
        "nr/train/next/xyloggate_2"            
    ]
  },
  "nr.train.next.calme_2": {
    "sounds": [
        "nr/train/next/calme_2"            
    ]
  },
  "nr.train.next.calme_3": {
    "sounds": [
        "nr/train/next/calme_3"            
    ]
  },
  "nr.train.next.pilake_1": {
    "sounds": [
        "nr/train/next/pilake_1"            
    ]
  },
  "nr.train.next.pilake_2": {
    "sounds": [
        "nr/train/next/pilake_2"            
    ]
  },
  "nr.train.next.pilake_3_1": {
    "sounds": [
        "nr/train/next/pilake_3_1"            
    ]
  },
  "nr.train.next.pilake_3_2": {
    "sounds": [
        "nr/train/next/pilake_3_2"            
    ]
  },
  "nr.train.next.pilake_4_1": {
    "sounds": [
        "nr/train/next/pilake_4_1"            
    ]
  },
  "nr.train.next.pilake_4_2": {
    "sounds": [
        "nr/train/next/pilake_4_2"            
    ]
  },
  "nr.train.next.pilake_5_1": {
    "sounds": [
        "nr/train/next/pilake_5_1"            
    ]
  },
  "nr.train.next.pilake_5_2": {
    "sounds": [
        "nr/train/next/pilake_5_2"            
    ]
  },
  "nr.train.next.pilake_6_1": {
    "sounds": [
        "nr/train/next/pilake_6_1"            
    ]
  },
  "nr.train.next.pilake_6_2": {
    "sounds": [
        "nr/train/next/pilake_6_2"            
    ]
  },
  "nr.train.next.silkpondnorth_1": {
    "sounds": [
        "nr/train/next/silkpondnorth_1"            
    ]
  },
  "nr.train.next.silkpondnorth_2": {
    "sounds": [
        "nr/train/next/silkpondnorth_2"            
    ]
  },
  "nr.train.next.puritycorner_1": {
    "sounds": [
        "nr/train/next/puritycorner_1"            
    ]
  },
  "nr.train.next.puritycorner_2": {
    "sounds": [
        "nr/train/next/puritycorner_2"            
    ]
  },
  "nr.train.next.spadevalley_1": {
    "sounds": [
        "nr/train/next/spadevalley_1"            
    ]
  },
  "nr.train.next.spadevalley_2": {
    "sounds": [
        "nr/train/next/spadevalley_2"            
    ]
  },
  "nr.train.next.intusorient_1": {
    "sounds": [
        "nr/train/next/intusorient_1"            
    ]
  },
  "nr.train.next.intusorient_2": {
    "sounds": [
        "nr/train/next/intusorient_2"            
    ]
  },
  "nr.train.next.intusorient_3_1": {
    "sounds": [
        "nr/train/next/intusorient_3_1"            
    ]
  },
  "nr.train.next.intusorient_3_2": {
    "sounds": [
        "nr/train/next/intusorient_3_2"            
    ]
  },
  "nr.train.next.intusorient_4": {
    "sounds": [
        "nr/train/next/intusorient_4"            
    ]
  },
  "nr.train.next.coubirdisland_1": {
    "sounds": [
        "nr/train/next/coubirdisland_1"            
    ]
  },
  "nr.train.next.coubirdisland_2": {
    "sounds": [
        "nr/train/next/coubirdisland_2"            
    ]
  },
  "nr.train.next.zerdahill_1": {
    "sounds": [
        "nr/train/next/zerdahill_1"            
    ]
  },
  "nr.train.next.zerdahill_2": {
    "sounds": [
        "nr/train/next/zerdahill_2"            
    ]
  },
  "nr.train.next.zerdahill_3_1": {
    "sounds": [
        "nr/train/next/zerdahill_3_1"            
    ]
  },
  "nr.train.next.zerdahill_3_2": {
    "sounds": [
        "nr/train/next/zerdahill_3_2"            
    ]
  },
  "nr.train.next.zerdahill_4_1": {
    "sounds": [
        "nr/train/next/zerdahill_4_1"            
    ]
  },
  "nr.train.next.zerdahill_4_2": {
    "sounds": [
        "nr/train/next/zerdahill_4_2"            
    ]
  },
  "nr.train.next.dusty_1": {
    "sounds": [
        "nr/train/next/dusty_1"            
    ]
  },
  "nr.train.next.dusty_2": {
    "sounds": [
        "nr/train/next/dusty_2"            
    ]
  },
  "nr.train.next.dusty_3_1": {
    "sounds": [
        "nr/train/next/dusty_3_1"            
    ]
  },
  "nr.train.next.dusty_3_2": {
    "sounds": [
        "nr/train/next/dusty_3_2"            
    ]
  },
  "nr.train.next.dusty_4_1": {
    "sounds": [
        "nr/train/next/dusty_4_1"            
    ]
  },
  "nr.train.next.dusty_4_2": {
    "sounds": [
        "nr/train/next/dusty_4_2"            
    ]
  },
  "nr.train.next.nailbight_1": {
    "sounds": [
        "nr/train/next/nailbight_1"            
    ]
  },
  "nr.train.next.nailbight_2": {
    "sounds": [
        "nr/train/next/nailbight_2"            
    ]
  },
  "nr.train.next.nailbight_3": {
    "sounds": [
        "nr/train/next/nailbight_3"            
    ]
  },
  "nr.train.next.nailbight_4": {
    "sounds": [
        "nr/train/next/nailbight_4"            
    ]
  },
  "nr.train.next.nailbight_5_1": {
    "sounds": [
        "nr/train/next/nailbight_5_1"            
    ]
  },
  "nr.train.next.nailbight_5_2": {
    "sounds": [
        "nr/train/next/nailbight_5_2"            
    ]
  },
  "nr.train.next.nailbight_6_1": {
    "sounds": [
        "nr/train/next/nailbight_6_1"            
    ]
  },
  "nr.train.next.nailbight_6_2": {
    "sounds": [
        "nr/train/next/nailbight_6_2"            
    ]
  },
  "nr.train.next.nailbight_7_1": {
    "sounds": [
        "nr/train/next/nailbight_7_1"            
    ]
  },
  "nr.train.next.nailbight_7_2": {
    "sounds": [
        "nr/train/next/nailbight_7_2"            
    ]
  },
  "nr.train.next.nailbight_8_1": {
    "sounds": [
        "nr/train/next/nailbight_8_1"            
    ]
  },
  "nr.train.next.nailbight_8_2": {
    "sounds": [
        "nr/train/next/nailbight_8_2"            
    ]
  },
  "nr.train.next.chillycanyon_0102": {
    "sounds": [
        "nr/train/next/chillycanyon_0102"            
    ]
  },
  "nr.train.next.chillycanyon_0304_1": {
    "sounds": [
        "nr/train/next/chillycanyon_0304_1"            
    ]
  },
  "nr.train.next.chillycanyon_0304_2": {
    "sounds": [
        "nr/train/next/chillycanyon_0304_2"            
    ]
  },
  "nr.train.next.chillycanyon_0506": {
    "sounds": [
        "nr/train/next/chillycanyon_0506"            
    ]
  },
  "nr.train.next.chillycanyon_0708_1": {
    "sounds": [
        "nr/train/next/chillycanyon_0708_1"            
    ]
  },
  "nr.train.next.chillycanyon_0708_2": {
    "sounds": [
        "nr/train/next/chillycanyon_0708_2"            
    ]
  },
  "something": {
    "sounds": [
        "something"            
    ]
  }
}