{
"__comment": "Designed by Nazcaos for Project Nazca Server",
"textures": {
    "particle": "blocks/rail_normal",
    "rail_normal": "blocks/rail_normal",
    "rail_activator": "blocks/rail_activator"
},
"elements": [ 
{
    "from": [ 2, 0.5, 0 ],
    "to": [ 4, 1, 16 ],
    "faces": {
        "down":  { "uv": [ 14, 16, 12, 0 ], "texture": "#rail_normal" },
        "up":    { "uv": [ 2, 0, 4, 16 ], "texture": "#rail_normal" },
        "north": { "uv": [ 12, 15.5, 14, 16 ], "texture": "#rail_normal" },
        "south": { "uv": [ 12, 15.5, 14, 16 ], "texture": "#rail_normal" },
        "west":  { "uv": [ 2, 15.5, 4, 16 ], "texture": "#rail_normal" },
        "east":  { "uv": [ 2, 15.5, 4, 16 ], "texture": "#rail_normal" }
    }
},
{
    "from": [ 12, 0.5, 0 ],
    "to": [ 14, 1, 16 ],
    "faces": {
        "down":  { "uv": [ 4, 16, 2, 0 ], "texture": "#rail_normal" },
        "up":    { "uv": [ 12, 0, 14, 16 ], "texture": "#rail_normal" },
        "north": { "uv": [ 2, 15, 4, 15.5 ], "texture": "#rail_normal" },
        "south": { "uv": [ 12, 15, 14, 15.5 ], "texture": "#rail_normal" },
        "west":  { "uv": [ 2, 15, 4, 15.5 ], "texture": "#rail_normal" },
        "east":  { "uv": [ 2, 15, 4, 15.5 ], "texture": "#rail_normal" }
    }
},
{
    "from": [ 2.5, 1, 0 ],
    "to": [ 3, 2, 16 ],
    "faces": {
        "down":  { "uv": [ 3, 0, 3.5, 16 ], "texture": "#rail_normal" },
        "up":    { "uv": [ 3, 0, 3.5, 16 ], "texture": "#rail_normal" },
        "north": { "uv": [ 12.5, 14, 13, 15 ], "texture": "#rail_normal" },
        "south": { "uv": [ 12.5, 14, 13, 15 ], "texture": "#rail_normal" },
        "west":  { "uv": [ 3, 13.5, 4, 14.5 ], "texture": "#rail_normal" },
        "east":  { "uv": [ 3, 13.5, 4, 14.5 ], "texture": "#rail_normal" }
    }
},
{
    "from": [ 13, 1, 0 ],
    "to": [ 13.5, 2, 16 ],
    "faces": {
        "down":  { "uv": [ 12.5, 0, 13, 16 ], "texture": "#rail_normal" },
        "up":    { "uv": [ 12.5, 0, 13, 16 ], "texture": "#rail_normal" },
        "north": { "uv": [ 3, 14, 3.5, 15 ], "texture": "#rail_normal" },
        "south": { "uv": [ 3, 14, 3.5, 15 ], "texture": "#rail_normal" },
        "west":  { "uv": [ 3, 13.5, 4, 14.5 ], "texture": "#rail_normal" },
        "east":  { "uv": [ 3, 13.5, 4, 14.5 ], "texture": "#rail_normal" }
    }
},
{
    "from": [ 2, 2, 0 ],
    "to": [ 3.5, 3, 16 ],
    "faces": {
        "down":  { "uv": [ 2, 0, 3, 16 ], "texture": "#rail_normal" },
        "up":    { "uv": [ 2, 0, 3, 16 ], "texture": "#rail_normal" },
        "north": { "uv": [ 13, 13, 14, 14 ], "texture": "#rail_normal" },
        "south": { "uv": [ 13, 13, 14, 14 ], "texture": "#rail_normal" },
        "west":  { "uv": [ 2, 13, 3, 14 ], "texture": "#rail_normal" },
        "east":  { "uv": [ 2, 13, 3, 14 ], "texture": "#rail_normal" }
    }
},
{
    "from": [ 12.5, 2, 0 ],
    "to": [ 14, 3, 16 ],
    "faces": {
        "down":  { "uv": [ 13, 0, 14, 16 ], "texture": "#rail_normal" },
        "up":    { "uv": [ 13, 0, 14, 16 ], "texture": "#rail_normal" },
        "north": { "uv": [ 2, 13, 3, 14 ], "texture": "#rail_normal" },
        "south": { "uv": [ 2, 13, 3, 14 ], "texture": "#rail_normal" },
        "west":  { "uv": [ 2, 13, 3, 14 ], "texture": "#rail_normal" },
        "east":  { "uv": [ 2, 13, 3, 14 ], "texture": "#rail_normal" }
    }
},
{
    "from": [ 1.5, 0, 1 ],
    "to": [ 4.5, 0.5, 2 ],
    "faces": {
        "down":  { "uv": [ 4, 1, 5, 2 ], "texture": "#rail_normal" },
        "up":    { "uv": [ 4, 1, 5, 2 ], "texture": "#rail_normal" },
        "north": { "uv": [ 11, 1.5, 12, 2 ], "texture": "#rail_normal" },
        "south": { "uv": [ 11, 1.5, 12, 2 ], "texture": "#rail_normal" },
        "west":  { "uv": [ 4, 1.5, 5, 2 ], "texture": "#rail_normal" },
        "east":  { "uv": [ 4, 1.5, 5, 2 ], "texture": "#rail_normal" }
    }
},
{
    "from": [ 1.5, 0, 2 ],
    "to": [ 4.5, 0.5, 3 ],
    "faces": {
        "down":  { "uv": [ 4, 2, 5, 3 ], "texture": "#rail_normal" },
        "up":    { "uv": [ 4, 2, 5, 3 ], "texture": "#rail_normal" },
        "north": { "uv": [ 11, 14, 12, 14.5 ], "texture": "#rail_normal" },
        "south": { "uv": [ 11, 14, 12, 14.5 ], "texture": "#rail_normal" },
        "west":  { "uv": [ 4, 14, 5, 14.5 ], "texture": "#rail_normal" },
        "east":  { "uv": [ 4, 14, 5, 14.5 ], "texture": "#rail_normal" }
    }
},
{
    "from": [ 11.5, 0, 1 ],
    "to": [ 14.5, 0.5, 2 ],
    "faces": {
        "down":  { "uv": [ 4, 1, 5, 2 ], "texture": "#rail_normal" },
        "up":    { "uv": [ 4, 1, 5, 2 ], "texture": "#rail_normal" },
        "north": { "uv": [ 11, 1.5, 12, 2 ], "texture": "#rail_normal" },
        "south": { "uv": [ 11, 1.5, 12, 2 ], "texture": "#rail_normal" },
        "west":  { "uv": [ 4, 1.5, 5, 2 ], "texture": "#rail_normal" },
        "east":  { "uv": [ 4, 1.5, 5, 2 ], "texture": "#rail_normal" }
    }
},
{
    "from": [ 1.5, 0, 5 ],
    "to": [ 4.5, 0.5, 6 ],
    "faces": {
        "down":  { "uv": [ 4, 1, 5, 2 ], "texture": "#rail_normal" },
        "up":    { "uv": [ 4, 1, 5, 2 ], "texture": "#rail_normal" },
        "north": { "uv": [ 11, 1.5, 12, 2 ], "texture": "#rail_normal" },
        "south": { "uv": [ 11, 1.5, 12, 2 ], "texture": "#rail_normal" },
        "west":  { "uv": [ 4, 1.5, 5, 2 ], "texture": "#rail_normal" },
        "east":  { "uv": [ 4, 1.5, 5, 2 ], "texture": "#rail_normal" }
    }
},
{
    "from": [ 11.5, 0, 5 ],
    "to": [ 14.5, 0.5, 6 ],
    "faces": {
        "down":  { "uv": [ 4, 1, 5, 2 ], "texture": "#rail_normal" },
        "up":    { "uv": [ 4, 1, 5, 2 ], "texture": "#rail_normal" },
        "north": { "uv": [ 11, 1.5, 12, 2 ], "texture": "#rail_normal" },
        "south": { "uv": [ 11, 1.5, 12, 2 ], "texture": "#rail_normal" },
        "west":  { "uv": [ 4, 1.5, 5, 2 ], "texture": "#rail_normal" },
        "east":  { "uv": [ 4, 1.5, 5, 2 ], "texture": "#rail_normal" }
    }
},
{
    "from": [ 1.5, 0, 9 ],
    "to": [ 4.5, 0.5, 10 ],
    "faces": {
        "down":  { "uv": [ 4, 1, 5, 2 ], "texture": "#rail_normal" },
        "up":    { "uv": [ 4, 1, 5, 2 ], "texture": "#rail_normal" },
        "north": { "uv": [ 11, 1.5, 12, 2 ], "texture": "#rail_normal" },
        "south": { "uv": [ 11, 1.5, 12, 2 ], "texture": "#rail_normal" },
        "west":  { "uv": [ 4, 1.5, 5, 2 ], "texture": "#rail_normal" },
        "east":  { "uv": [ 4, 1.5, 5, 2 ], "texture": "#rail_normal" }
    }
},
{
    "from": [ 11.5, 0, 9 ],
    "to": [ 14.5, 0.5, 10 ],
    "faces": {
        "down":  { "uv": [ 4, 1, 5, 2 ], "texture": "#rail_normal" },
        "up":    { "uv": [ 4, 1, 5, 2 ], "texture": "#rail_normal" },
        "north": { "uv": [ 11, 1.5, 12, 2 ], "texture": "#rail_normal" },
        "south": { "uv": [ 11, 1.5, 12, 2 ], "texture": "#rail_normal" },
        "west":  { "uv": [ 4, 1.5, 5, 2 ], "texture": "#rail_normal" },
        "east":  { "uv": [ 4, 1.5, 5, 2 ], "texture": "#rail_normal" }
    }
},
{
    "from": [ 1.5, 0, 13 ],
    "to": [ 4.5, 0.5, 14 ],
    "faces": {
        "down":  { "uv": [ 4, 1, 5, 2 ], "texture": "#rail_normal" },
        "up":    { "uv": [ 4, 1, 5, 2 ], "texture": "#rail_normal" },
        "north": { "uv": [ 11, 1.5, 12, 2 ], "texture": "#rail_normal" },
        "south": { "uv": [ 11, 1.5, 12, 2 ], "texture": "#rail_normal" },
        "west":  { "uv": [ 4, 1.5, 5, 2 ], "texture": "#rail_normal" },
        "east":  { "uv": [ 4, 1.5, 5, 2 ], "texture": "#rail_normal" }
    }
},
{
    "from": [ 11.5, 0, 13 ],
    "to": [ 14.5, 0.5, 14 ],
    "faces": {
        "down":  { "uv": [ 4, 1, 5, 2 ], "texture": "#rail_normal" },
        "up":    { "uv": [ 4, 1, 5, 2 ], "texture": "#rail_normal" },
        "north": { "uv": [ 11, 1.5, 12, 2 ], "texture": "#rail_normal" },
        "south": { "uv": [ 11, 1.5, 12, 2 ], "texture": "#rail_normal" },
        "west":  { "uv": [ 4, 1.5, 5, 2 ], "texture": "#rail_normal" },
        "east":  { "uv": [ 4, 1.5, 5, 2 ], "texture": "#rail_normal" }
    }
},
{
    "from": [ 11.5, 0, 2 ],
    "to": [ 14.5, 0.5, 3 ],
    "faces": {
        "down":  { "uv": [ 4, 2, 5, 3 ], "texture": "#rail_normal" },
        "up":    { "uv": [ 4, 2, 5, 3 ], "texture": "#rail_normal" },
        "north": { "uv": [ 11, 14, 12, 14.5 ], "texture": "#rail_normal" },
        "south": { "uv": [ 11, 14, 12, 14.5 ], "texture": "#rail_normal" },
        "west":  { "uv": [ 4, 14, 5, 14.5 ], "texture": "#rail_normal" },
        "east":  { "uv": [ 4, 14, 5, 14.5 ], "texture": "#rail_normal" }
    }
},
{
    "from": [ 1.5, 0, 6 ],
    "to": [ 4.5, 0.5, 7 ],
    "faces": {
        "down":  { "uv": [ 4, 2, 5, 3 ], "texture": "#rail_normal" },
        "up":    { "uv": [ 4, 2, 5, 3 ], "texture": "#rail_normal" },
        "north": { "uv": [ 11, 14, 12, 14.5 ], "texture": "#rail_normal" },
        "south": { "uv": [ 11, 14, 12, 14.5 ], "texture": "#rail_normal" },
        "west":  { "uv": [ 4, 14, 5, 14.5 ], "texture": "#rail_normal" },
        "east":  { "uv": [ 4, 14, 5, 14.5 ], "texture": "#rail_normal" }
    }
},
{
    "from": [ 11.5, 0, 6 ],
    "to": [ 14.5, 0.5, 7 ],
    "faces": {
        "down":  { "uv": [ 4, 2, 5, 3 ], "texture": "#rail_normal" },
        "up":    { "uv": [ 4, 2, 5, 3 ], "texture": "#rail_normal" },
        "north": { "uv": [ 11, 14, 12, 14.5 ], "texture": "#rail_normal" },
        "south": { "uv": [ 11, 14, 12, 14.5 ], "texture": "#rail_normal" },
        "west":  { "uv": [ 4, 14, 5, 14.5 ], "texture": "#rail_normal" },
        "east":  { "uv": [ 4, 14, 5, 14.5 ], "texture": "#rail_normal" }
    }
},
{
    "from": [ 1.5, 0, 10 ],
    "to": [ 4.5, 0.5, 11 ],
    "faces": {
        "down":  { "uv": [ 4, 2, 5, 3 ], "texture": "#rail_normal" },
        "up":    { "uv": [ 4, 2, 5, 3 ], "texture": "#rail_normal" },
        "north": { "uv": [ 11, 14, 12, 14.5 ], "texture": "#rail_normal" },
        "south": { "uv": [ 11, 14, 12, 14.5 ], "texture": "#rail_normal" },
        "west":  { "uv": [ 4, 14, 5, 14.5 ], "texture": "#rail_normal" },
        "east":  { "uv": [ 4, 14, 5, 14.5 ], "texture": "#rail_normal" }
    }
},
{
    "from": [ 11.5, 0, 10 ],
    "to": [ 14.5, 0.5, 11 ],
    "faces": {
        "down":  { "uv": [ 4, 2, 5, 3 ], "texture": "#rail_normal" },
        "up":    { "uv": [ 4, 2, 5, 3 ], "texture": "#rail_normal" },
        "north": { "uv": [ 11, 14, 12, 14.5 ], "texture": "#rail_normal" },
        "south": { "uv": [ 11, 14, 12, 14.5 ], "texture": "#rail_normal" },
        "west":  { "uv": [ 4, 14, 5, 14.5 ], "texture": "#rail_normal" },
        "east":  { "uv": [ 4, 14, 5, 14.5 ], "texture": "#rail_normal" }
    }
},
{
    "from": [ 1.5, 0, 14 ],
    "to": [ 4.5, 0.5, 15 ],
    "faces": {
        "down":  { "uv": [ 4, 14, 5, 15 ], "texture": "#rail_normal" },
        "up":    { "uv": [ 4, 14, 5, 15 ], "texture": "#rail_normal" },
        "north": { "uv": [ 11, 14, 12, 14.5 ], "texture": "#rail_normal" },
        "south": { "uv": [ 11, 14, 12, 14.5 ], "texture": "#rail_normal" },
        "west":  { "uv": [ 11, 14, 12, 14.5 ], "texture": "#rail_normal" },
        "east":  { "uv": [ 11, 14, 12, 14.5 ], "texture": "#rail_normal" }
    }
},
{
    "from": [ 11.5, 0, 14 ],
    "to": [ 14.5, 0.5, 15 ],
    "faces": {
        "down":  { "uv": [ 11, 14, 12, 15 ], "texture": "#rail_normal" },
        "up":    { "uv": [ 11, 14, 12, 15 ], "texture": "#rail_normal" },
        "north": { "uv": [ 4, 14, 5, 14.5 ], "texture": "#rail_normal" },
        "south": { "uv": [ 4, 14, 5, 14.5 ], "texture": "#rail_normal" },
        "west":  { "uv": [ 11, 14, 12, 14.5 ], "texture": "#rail_normal" },
        "east":  { "uv": [ 11, 14, 12, 14.5 ], "texture": "#rail_normal" }
    }
},
{
    "__comment": "Inner",
    "from": [ 0.5, 0, 4 ],
    "to": [ 1.5, 2.5, 12 ],
    "faces": {
        "down":  { "uv": [ 0.5, 6, 1.5, 7 ], "texture": "#rail_activator" },
        "up":    { "uv": [ 0.5, 6, 1.5, 7 ], "texture": "#rail_activator" },
        "north": { "uv": [ 0.5, 6, 1.5, 7 ], "texture": "#rail_activator" },
        "south": { "uv": [ 0.5, 6, 1.5, 7 ], "texture": "#rail_activator" },
        "west":  { "uv": [ 0, 6, 1, 7 ], "texture": "#rail_activator" },
        "east":  { "uv": [ 0, 6, 1, 7 ], "texture": "#rail_activator" }
    }
},
{
    "__comment": "Inner",
    "from": [ 14.5, 0, 4 ],
    "to": [ 15.5, 2.5, 12 ],
    "faces": {
        "down":  { "uv": [ 0.5, 6, 1.5, 7 ], "texture": "#rail_activator" },
        "up":    { "uv": [ 0.5, 6, 1.5, 7 ], "texture": "#rail_activator" },
        "north": { "uv": [ 0.5, 6, 1.5, 7 ], "texture": "#rail_activator" },
        "south": { "uv": [ 0.5, 6, 1.5, 7 ], "texture": "#rail_activator" },
        "west":  { "uv": [ 0, 6, 1, 7 ], "texture": "#rail_activator" },
        "east":  { "uv": [ 0, 6, 1, 7 ], "texture": "#rail_activator" }
    }
},
{
    "__comment": "Inner",
    "from": [ 4.5, 0, 4 ],
    "to": [ 5.5, 2.5, 12 ],
    "faces": {
        "down":  { "uv": [ 0.5, 6, 1.5, 7 ], "texture": "#rail_activator" },
        "up":    { "uv": [ 0.5, 6, 1.5, 7 ], "texture": "#rail_activator" },
        "north": { "uv": [ 0.5, 6, 1.5, 7 ], "texture": "#rail_activator" },
        "south": { "uv": [ 0.5, 6, 1.5, 7 ], "texture": "#rail_activator" },
        "west":  { "uv": [ 0, 6, 1, 7 ], "texture": "#rail_activator" },
        "east":  { "uv": [ 0, 6, 1, 7 ], "texture": "#rail_activator" }
    }
},
{
    "__comment": "Inner",
    "from": [ 10.5, 0, 4 ],
    "to": [ 11.5, 2.5, 12 ],
    "faces": {
        "down":  { "uv": [ 0.5, 6, 1.5, 7 ], "texture": "#rail_activator" },
        "up":    { "uv": [ 0.5, 6, 1.5, 7 ], "texture": "#rail_activator" },
        "north": { "uv": [ 0.5, 6, 1.5, 7 ], "texture": "#rail_activator" },
        "south": { "uv": [ 0.5, 6, 1.5, 7 ], "texture": "#rail_activator" },
        "west":  { "uv": [ 0, 6, 1, 7 ], "texture": "#rail_activator" },
        "east":  { "uv": [ 0, 6, 1, 7 ], "texture": "#rail_activator" }
    }
},
{
    "__comment": "Outer",
    "from": [ 0, 0, 5 ],
    "to": [ 0.5, 1, 11 ],
    "faces": {
        "down":  { "uv": [ 1, 7, 2, 8 ], "texture": "#rail_activator" },
        "up":    { "uv": [ 1, 7, 2, 8 ], "texture": "#rail_activator" },
        "north": { "uv": [ 1, 7.5, 1.5, 8.5 ], "texture": "#rail_activator" },
        "south": { "uv": [ 1, 7.5, 1.5, 8.5 ], "texture": "#rail_activator" },
        "west":  { "uv": [ 1, 7, 2, 8 ], "texture": "#rail_activator" },
        "east":  { "uv": [ 1, 7, 2, 8 ], "texture": "#rail_activator" }
    }
},
{
    "__comment": "Outer",
    "from": [ 15.5, 0, 5 ],
    "to": [ 16, 1, 11 ],
    "faces": {
        "down":  { "uv": [ 1, 7, 2, 8 ], "texture": "#rail_activator" },
        "up":    { "uv": [ 1, 7, 2, 8 ], "texture": "#rail_activator" },
        "north": { "uv": [ 1, 7.5, 1.5, 8.5 ], "texture": "#rail_activator" },
        "south": { "uv": [ 1, 7.5, 1.5, 8.5 ], "texture": "#rail_activator" },
        "west":  { "uv": [ 1, 7, 2, 8 ], "texture": "#rail_activator" },
        "east":  { "uv": [ 1, 7, 2, 8 ], "texture": "#rail_activator" }
    }
},
{
    "from": [ 7.5, 1.5, 0 ],
    "to": [ 8.5, 2.5, 16 ],
    "faces": {
        "down":  { "uv": [ 15, 16, 14.5, 0 ], "texture": "#rail_normal" },
        "up":    { "uv": [ 14.5, 0, 15, 16 ], "texture": "#rail_normal" },
        "north": { "uv": [ 14.5, 11, 15, 12 ], "texture": "#rail_normal" },
        "south": { "uv": [ 1, 10.5, 1.5, 11.5 ], "texture": "#rail_normal" },
        "west":  { "uv": [ 1, 13.5, 2, 14.5 ], "texture": "#rail_normal" },
        "east":  { "uv": [ 1, 13.5, 2, 14.5 ], "texture": "#rail_normal" }
    }
},
{
    "from": [ 7.5, 0, 8 ],
    "to": [ 8, 1.5, 8.5 ],
    "faces": {
        "down":  { "uv": [ 13, 8.5, 12.5, 8 ], "texture": "#rail_normal" },
        "up":    { "uv": [ 12, 8, 12.5, 8.5 ], "texture": "#rail_normal" },
        "north": { "uv": [ 12.5, 13, 13, 14.5 ], "texture": "#rail_normal" },
        "south": { "uv": [ 12, 13.5, 12.5, 15 ], "texture": "#rail_normal" },
        "west":  { "uv": [ 12.5, 12.5, 13, 14 ], "texture": "#rail_normal" },
        "east":  { "uv": [ 12, 13.5, 12.5, 15 ], "texture": "#rail_normal" }
    }
},
{
    "from": [ 5.5, 0, 8 ],
    "to": [ 7.5, 0.5, 8.5 ],
    "faces": {
        "down":  { "uv": [ 14, 7.5, 13.5, 6.5 ], "texture": "#rail_normal" },
        "up":    { "uv": [ 2, 7.5, 3, 8 ], "texture": "#rail_normal" },
        "north": { "uv": [ 2, 12.5, 3, 13 ], "texture": "#rail_normal" },
        "south": { "uv": [ 2, 12, 3, 12.5 ], "texture": "#rail_normal" },
        "west":  { "uv": [ 13.5, 13, 14, 13.5 ], "texture": "#rail_normal" },
        "east":  { "uv": [ 13.5, 13, 14, 13.5 ], "texture": "#rail_normal" }
    }
}
]
}