{
"__comment": "Designed by Nazcaos for Project Nazca Server",
"textures": {
    "particle": "blocks/rail_normal",
    "rail_normal": "blocks/rail_normal",
    "rail_activator": "blocks/rail_activator"
},
"elements": [ 
{
    "__comment": "MetalBase",
    "from": [ 2, 0.5, 0 ],
    "to": [ 4, 1, 22.5 ],
    "rotation": { "origin": [ 2, 1, 0 ], "axis": "x", "angle": -45 },
    "faces": {
        "down":  { "uv": [ 14, 16, 12, 0 ], "texture": "#rail_normal" },
        "up":    { "uv": [ 2, 0, 4, 16 ], "texture": "#rail_normal" },
        "north": { "uv": [ 12, 14.5, 14, 15 ], "texture": "#rail_normal" },
        "south": { "uv": [ 2, 14.5, 4, 15 ], "texture": "#rail_normal" },
        "west":  { "uv": [ 2, 14.5, 4, 15 ], "texture": "#rail_normal" },
        "east":  { "uv": [ 2, 14.5, 4, 15 ], "texture": "#rail_normal" }
    }
},
{
    "__comment": "MetalBase",
    "from": [ 12, 0.5, 0 ],
    "to": [ 14, 1, 22.5 ],
    "rotation": { "origin": [ 12, 1, 0 ], "axis": "x", "angle": -45 },
    "faces": {
        "down":  { "uv": [ 14, 16, 12, 0 ], "texture": "#rail_normal" },
        "up":    { "uv": [ 2, 0, 4, 16 ], "texture": "#rail_normal" },
        "north": { "uv": [ 12, 14.5, 14, 15 ], "texture": "#rail_normal" },
        "south": { "uv": [ 2, 14.5, 4, 15 ], "texture": "#rail_normal" },
        "west":  { "uv": [ 2, 14.5, 4, 15 ], "texture": "#rail_normal" },
        "east":  { "uv": [ 2, 14.5, 4, 15 ], "texture": "#rail_normal" }
    }
},
{
    "__comment": "BottomMetalBase",
    "from": [ 2, 0.5, 0 ],
    "to": [ 4, 1, 0.5 ],
    "faces": {
        "down":  { "uv": [ 14, 16, 12, 0 ], "texture": "#rail_normal" },
        "up":    { "uv": [ 2, 0, 4, 16 ], "texture": "#rail_normal" },
        "north": { "uv": [ 12, 14.5, 14, 15 ], "texture": "#rail_normal" },
        "south": { "uv": [ 2, 14.5, 4, 15 ], "texture": "#rail_normal" },
        "west":  { "uv": [ 2, 14.5, 4, 15 ], "texture": "#rail_normal" },
        "east":  { "uv": [ 2, 14.5, 4, 15 ], "texture": "#rail_normal" }
    }
},
{
    "__comment": "BottomMetalBase",
    "from": [ 12, 0.5, 0 ],
    "to": [ 14, 1, 0.5 ],
    "faces": {
        "down":  { "uv": [ 14, 16, 12, 0 ], "texture": "#rail_normal" },
        "up":    { "uv": [ 2, 0, 4, 16 ], "texture": "#rail_normal" },
        "north": { "uv": [ 12, 14.5, 14, 15 ], "texture": "#rail_normal" },
        "south": { "uv": [ 2, 14.5, 4, 15 ], "texture": "#rail_normal" },
        "west":  { "uv": [ 2, 14.5, 4, 15 ], "texture": "#rail_normal" },
        "east":  { "uv": [ 2, 14.5, 4, 15 ], "texture": "#rail_normal" }
    }
},
{
    "__comment": "TopMetalBase",
    "from": [ 2, 16.5, 16 ],
    "to": [ 4, 17, 16.5 ],
    "faces": {
        "down":  { "uv": [ 14, 16, 12, 0 ], "texture": "#rail_normal" },
        "up":    { "uv": [ 2, 0, 4, 16 ], "texture": "#rail_normal" },
        "north": { "uv": [ 12, 14.5, 14, 15 ], "texture": "#rail_normal" },
        "south": { "uv": [ 2, 14.5, 4, 15 ], "texture": "#rail_normal" },
        "west":  { "uv": [ 2, 14.5, 4, 15 ], "texture": "#rail_normal" },
        "east":  { "uv": [ 2, 14.5, 4, 15 ], "texture": "#rail_normal" }
    }
},
{
    "__comment": "TopMetalBase",
    "from": [ 12, 16.5, 16 ],
    "to": [ 14, 17, 16.5 ],
    "faces": {
        "down":  { "uv": [ 14, 16, 12, 0 ], "texture": "#rail_normal" },
        "up":    { "uv": [ 2, 0, 4, 16 ], "texture": "#rail_normal" },
        "north": { "uv": [ 12, 14.5, 14, 15 ], "texture": "#rail_normal" },
        "south": { "uv": [ 2, 14.5, 4, 15 ], "texture": "#rail_normal" },
        "west":  { "uv": [ 2, 14.5, 4, 15 ], "texture": "#rail_normal" },
        "east":  { "uv": [ 2, 14.5, 4, 15 ], "texture": "#rail_normal" }
    }
},
{
    "__comment": "Middle",
    "from": [ 2.5, 1, 0 ],
    "to": [ 3, 2, 22.5 ],
    "rotation": { "origin": [ 2.5, 2, 0 ], "axis": "x", "angle": -45 },
    "faces": {
        "down":  { "uv": [ 3, 0, 3.5, 15 ], "texture": "#rail_normal" },
        "up":    { "uv": [ 3, 0, 3.5, 15 ], "texture": "#rail_normal" },
        "north": { "uv": [ 12.5, 14, 13, 15 ], "texture": "#rail_normal" },
        "south": { "uv": [ 12.5, 14, 13, 15 ], "texture": "#rail_normal" },
        "west":  { "uv": [ 3, 14, 4, 15 ], "texture": "#rail_normal" },
        "east":  { "uv": [ 3, 14, 4, 15 ], "texture": "#rail_normal" }
    }
},
{
    "__comment": "Middle",
    "from": [ 2.5, 1, 0 ],
    "to": [ 3, 2, 0.5 ],
    "faces": {
        "down":  { "uv": [ 3, 0, 3.5, 15 ], "texture": "#rail_normal" },
        "up":    { "uv": [ 3, 0, 3.5, 15 ], "texture": "#rail_normal" },
        "north": { "uv": [ 12.5, 14, 13, 15 ], "texture": "#rail_normal" },
        "south": { "uv": [ 12.5, 14, 13, 15 ], "texture": "#rail_normal" },
        "west":  { "uv": [ 3, 14, 4, 15 ], "texture": "#rail_normal" },
        "east":  { "uv": [ 3, 14, 4, 15 ], "texture": "#rail_normal" }
    }
},
{
    "__comment": "Middle",
    "from": [ 2.5, 17, 16 ],
    "to": [ 3, 18, 16.5 ],
    "faces": {
        "down":  { "uv": [ 3, 0, 3.5, 15 ], "texture": "#rail_normal" },
        "up":    { "uv": [ 3, 0, 3.5, 15 ], "texture": "#rail_normal" },
        "north": { "uv": [ 12.5, 14, 13, 15 ], "texture": "#rail_normal" },
        "south": { "uv": [ 12.5, 14, 13, 15 ], "texture": "#rail_normal" },
        "west":  { "uv": [ 3, 14, 4, 15 ], "texture": "#rail_normal" },
        "east":  { "uv": [ 3, 14, 4, 15 ], "texture": "#rail_normal" }
    }
},
{
    "__comment": "Middle",
    "from": [ 13, 1, 0 ],
    "to": [ 13.5, 2, 22.5 ],
    "rotation": { "origin": [ 13, 2, 0 ], "axis": "x", "angle": -45 },
    "faces": {
        "down":  { "uv": [ 3, 0, 3.5, 15 ], "texture": "#rail_normal" },
        "up":    { "uv": [ 3, 0, 3.5, 15 ], "texture": "#rail_normal" },
        "north": { "uv": [ 12.5, 14, 13, 15 ], "texture": "#rail_normal" },
        "south": { "uv": [ 12.5, 14, 13, 15 ], "texture": "#rail_normal" },
        "west":  { "uv": [ 3, 14, 4, 15 ], "texture": "#rail_normal" },
        "east":  { "uv": [ 3, 14, 4, 15 ], "texture": "#rail_normal" }
    }
},
{
    "__comment": "Middle",
    "from": [ 13, 1, 0 ],
    "to": [ 13.5, 2, 0.5 ],
    "faces": {
        "down":  { "uv": [ 3, 0, 3.5, 15 ], "texture": "#rail_normal" },
        "up":    { "uv": [ 3, 0, 3.5, 15 ], "texture": "#rail_normal" },
        "north": { "uv": [ 12.5, 14, 13, 15 ], "texture": "#rail_normal" },
        "south": { "uv": [ 12.5, 14, 13, 15 ], "texture": "#rail_normal" },
        "west":  { "uv": [ 3, 14, 4, 15 ], "texture": "#rail_normal" },
        "east":  { "uv": [ 3, 14, 4, 15 ], "texture": "#rail_normal" }
    }
},
{
    "__comment": "Middle",
    "from": [ 13, 17, 16 ],
    "to": [ 13.5, 18, 16.5 ],
    "faces": {
        "down":  { "uv": [ 3, 0, 3.5, 15 ], "texture": "#rail_normal" },
        "up":    { "uv": [ 3, 0, 3.5, 15 ], "texture": "#rail_normal" },
        "north": { "uv": [ 12.5, 14, 13, 15 ], "texture": "#rail_normal" },
        "south": { "uv": [ 12.5, 14, 13, 15 ], "texture": "#rail_normal" },
        "west":  { "uv": [ 3, 14, 4, 15 ], "texture": "#rail_normal" },
        "east":  { "uv": [ 3, 14, 4, 15 ], "texture": "#rail_normal" }
    }
},
{
    "__comment": "Top",
    "from": [ 2, 2, 0 ],
    "to": [ 3.5, 3, 22.5 ],
    "rotation": { "origin": [ 2, 3, 0 ], "axis": "x", "angle": -45 },
    "faces": {
        "down":  { "uv": [ 2, 0.5, 3, 16 ], "texture": "#rail_normal" },
        "up":    { "uv": [ 2, 0.5, 3, 16 ], "texture": "#rail_normal" },
        "north": { "uv": [ 2, 12, 3, 13 ], "texture": "#rail_normal" },
        "south": { "uv": [ 2, 12, 3, 13 ], "texture": "#rail_normal" },
        "west":  { "uv": [ 2, 13, 3, 14 ], "texture": "#rail_normal" },
        "east":  { "uv": [ 2, 13, 3, 14 ], "texture": "#rail_normal" }
    }
},
{
    "__comment": "Top",
    "from": [ 12.5, 2, 0 ],
    "to": [ 14, 3, 22.5 ],
    "rotation": { "origin": [ 12.5, 3, 0 ], "axis": "x", "angle": -45 },
    "faces": {
        "down":  { "uv": [ 2, 0.5, 3, 16 ], "texture": "#rail_normal" },
        "up":    { "uv": [ 2, 0.5, 3, 16 ], "texture": "#rail_normal" },
        "north": { "uv": [ 2, 12, 3, 13 ], "texture": "#rail_normal" },
        "south": { "uv": [ 2, 12, 3, 13 ], "texture": "#rail_normal" },
        "west":  { "uv": [ 2, 13, 3, 14 ], "texture": "#rail_normal" },
        "east":  { "uv": [ 2, 13, 3, 14 ], "texture": "#rail_normal" }
    }
},
{
    "__comment": "Top",
    "from": [ 2, 2, 0 ],
    "to": [ 3.5, 3, 0.5 ],
    "faces": {
        "down":  { "uv": [ 2, 0.5, 3, 16 ], "texture": "#rail_normal" },
        "up":    { "uv": [ 2, 0.5, 3, 16 ], "texture": "#rail_normal" },
        "north": { "uv": [ 2, 12, 3, 13 ], "texture": "#rail_normal" },
        "south": { "uv": [ 2, 12, 3, 13 ], "texture": "#rail_normal" },
        "west":  { "uv": [ 2, 13, 3, 14 ], "texture": "#rail_normal" },
        "east":  { "uv": [ 2, 13, 3, 14 ], "texture": "#rail_normal" }
    }
},
{
    "__comment": "Top",
    "from": [ 12.5, 2, 0 ],
    "to": [ 14, 3, 0.5 ],
    "faces": {
        "down":  { "uv": [ 2, 0.5, 3, 16 ], "texture": "#rail_normal" },
        "up":    { "uv": [ 2, 0.5, 3, 16 ], "texture": "#rail_normal" },
        "north": { "uv": [ 2, 12, 3, 13 ], "texture": "#rail_normal" },
        "south": { "uv": [ 2, 12, 3, 13 ], "texture": "#rail_normal" },
        "west":  { "uv": [ 2, 13, 3, 14 ], "texture": "#rail_normal" },
        "east":  { "uv": [ 2, 13, 3, 14 ], "texture": "#rail_normal" }
    }
},
{
    "__comment": "Top",
    "from": [ 2, 18, 16 ],
    "to": [ 3.5, 19, 16.5 ],
    "faces": {
        "down":  { "uv": [ 2, 0.5, 3, 16 ], "texture": "#rail_normal" },
        "up":    { "uv": [ 2, 0.5, 3, 16 ], "texture": "#rail_normal" },
        "north": { "uv": [ 2, 12, 3, 13 ], "texture": "#rail_normal" },
        "south": { "uv": [ 2, 12, 3, 13 ], "texture": "#rail_normal" },
        "west":  { "uv": [ 2, 13, 3, 14 ], "texture": "#rail_normal" },
        "east":  { "uv": [ 2, 13, 3, 14 ], "texture": "#rail_normal" }
    }
},
{
    "__comment": "Top",
    "from": [ 12.5, 18, 16 ],
    "to": [ 14, 19, 16.5 ],
    "faces": {
        "down":  { "uv": [ 2, 0.5, 3, 16 ], "texture": "#rail_normal" },
        "up":    { "uv": [ 2, 0.5, 3, 16 ], "texture": "#rail_normal" },
        "north": { "uv": [ 2, 12, 3, 13 ], "texture": "#rail_normal" },
        "south": { "uv": [ 2, 12, 3, 13 ], "texture": "#rail_normal" },
        "west":  { "uv": [ 2, 13, 3, 14 ], "texture": "#rail_normal" },
        "east":  { "uv": [ 2, 13, 3, 14 ], "texture": "#rail_normal" }
    }
},
{
    "from": [ 1.5, -0.5, 6 ],
    "to": [ 4.5, 7.5, 7 ],
    "rotation": { "origin": [ 1.5, 7.5, 6 ], "axis": "x", "angle": -22.5 },
    "faces": {
        "down":  { "uv": [ 4, 10, 5, 11 ], "texture": "#rail_normal" },
        "up":    { "uv": [ 4, 10, 5, 11 ], "texture": "#rail_normal" },
        "north": { "uv": [ 11, 10, 12, 11 ], "texture": "#rail_normal" },
        "south": { "uv": [ 11, 10, 12, 11 ], "texture": "#rail_normal" },
        "west":  { "uv": [ 4, 10, 5, 11 ], "texture": "#rail_normal" },
        "east":  { "uv": [ 4, 10, 5, 11 ], "texture": "#rail_normal" }
    }
},
{
    "from": [ 1.5, -0.125, 6.875 ],
    "to": [ 4.5, 7.875, 7.875 ],
    "rotation": { "origin": [ 1.5, 7.875, 6.875 ], "axis": "x", "angle": -22.5 },
    "faces": {
        "down":  { "uv": [ 4, 10, 5, 11 ], "texture": "#rail_normal" },
        "up":    { "uv": [ 4, 10, 5, 11 ], "texture": "#rail_normal" },
        "north": { "uv": [ 4, 10, 5, 11 ], "texture": "#rail_normal" },
        "south": { "uv": [ 4, 10, 5, 11 ], "texture": "#rail_normal" },
        "west":  { "uv": [ 4, 10, 5, 11 ], "texture": "#rail_normal" },
        "east":  { "uv": [ 4, 10, 5, 11 ], "texture": "#rail_normal" }
    }
},
{
    "from": [ 11.5, -0.5, 6 ],
    "to": [ 14.5, 7.5, 7 ],
    "rotation": { "origin": [ 11.5, 7.5, 6 ], "axis": "x", "angle": -22.5 },
    "faces": {
        "down":  { "uv": [ 4, 10, 5, 11 ], "texture": "#rail_normal" },
        "up":    { "uv": [ 4, 10, 5, 11 ], "texture": "#rail_normal" },
        "north": { "uv": [ 11, 10, 12, 11 ], "texture": "#rail_normal" },
        "south": { "uv": [ 11, 10, 12, 11 ], "texture": "#rail_normal" },
        "west":  { "uv": [ 4, 10, 5, 11 ], "texture": "#rail_normal" },
        "east":  { "uv": [ 4, 10, 5, 11 ], "texture": "#rail_normal" }
    }
},
{
    "from": [ 11.5, 0, 6.8125 ],
    "to": [ 14.5, 8, 7.8125 ],
    "rotation": { "origin": [ 11.5, 8, 6.8125 ], "axis": "x", "angle": -22.5 },
    "faces": {
        "down":  { "uv": [ 4, 10, 5, 11 ], "texture": "#rail_normal" },
        "up":    { "uv": [ 4, 10, 5, 11 ], "texture": "#rail_normal" },
        "north": { "uv": [ 4, 10, 5, 11 ], "texture": "#rail_normal" },
        "south": { "uv": [ 4, 10, 5, 11 ], "texture": "#rail_normal" },
        "west":  { "uv": [ 4, 10, 5, 11 ], "texture": "#rail_normal" },
        "east":  { "uv": [ 4, 10, 5, 11 ], "texture": "#rail_normal" }
    }
},
{
    "from": [ 1.5, 0, 8 ],
    "to": [ 4.5, 1, 11.5 ],
    "faces": {
        "down":  { "uv": [ 3, 8, 4, 11.5 ], "texture": "#rail_normal" },
        "up":    { "uv": [ 3, 8, 4, 11.5 ], "texture": "#rail_normal" },
        "north": { "uv": [ 12, 15, 13, 16 ], "texture": "#rail_normal" },
        "south": { "uv": [ 12, 15, 13, 16 ], "texture": "#rail_normal" },
        "west":  { "uv": [ 3, 14.5, 4, 15.5 ], "texture": "#rail_normal" },
        "east":  { "uv": [ 3, 14.5, 4, 15.5 ], "texture": "#rail_normal" }
    }
},
{
    "from": [ 11.5, 0, 8 ],
    "to": [ 14.5, 1, 11.5 ],
    "faces": {
        "down":  { "uv": [ 3, 8, 4, 11.5 ], "texture": "#rail_normal" },
        "up":    { "uv": [ 3, 8, 4, 11.5 ], "texture": "#rail_normal" },
        "north": { "uv": [ 12, 15, 13, 16 ], "texture": "#rail_normal" },
        "south": { "uv": [ 12, 15, 13, 16 ], "texture": "#rail_normal" },
        "west":  { "uv": [ 3, 14.5, 4, 15.5 ], "texture": "#rail_normal" },
        "east":  { "uv": [ 3, 14.5, 4, 15.5 ], "texture": "#rail_normal" }
    }
},
{
    "__comment": "Inner",
    "from": [ 0.5, 4, 4 ],
    "to": [ 1.5, 6.5, 12 ],
    "rotation": { "origin": [ 0.5, 6.5, 4 ], "axis": "x", "angle": -45 },
    "faces": {
        "down":  { "uv": [ 0.5, 6, 1.5, 7 ], "texture": "#rail_activator" },
        "up":    { "uv": [ 0.5, 6, 1.5, 7 ], "texture": "#rail_activator" },
        "north": { "uv": [ 0.5, 6, 1.5, 7 ], "texture": "#rail_activator" },
        "south": { "uv": [ 0.5, 6, 1.5, 7 ], "texture": "#rail_activator" },
        "west":  { "uv": [ 0.5, 6, 1.5, 7 ], "texture": "#rail_activator" },
        "east":  { "uv": [ 0.5, 6, 1.5, 7 ], "texture": "#rail_activator" }
    }
},
{
    "__comment": "Inner",
    "from": [ 4.5, 4, 4 ],
    "to": [ 5.5, 6.5, 12 ],
    "rotation": { "origin": [ 4.5, 6.5, 4 ], "axis": "x", "angle": -45 },
    "faces": {
        "down":  { "uv": [ 0.5, 6, 1.5, 7 ], "texture": "#rail_activator" },
        "up":    { "uv": [ 0.5, 6, 1.5, 7 ], "texture": "#rail_activator" },
        "north": { "uv": [ 0.5, 6, 1.5, 7 ], "texture": "#rail_activator" },
        "south": { "uv": [ 0.5, 6, 1.5, 7 ], "texture": "#rail_activator" },
        "west":  { "uv": [ 0.5, 6, 1.5, 7 ], "texture": "#rail_activator" },
        "east":  { "uv": [ 0.5, 6, 1.5, 7 ], "texture": "#rail_activator" }
    }
},
{
    "__comment": "Inner",
    "from": [ 10.5, 4, 4 ],
    "to": [ 11.5, 6.5, 12 ],
    "rotation": { "origin": [ 10.5, 6.5, 4 ], "axis": "x", "angle": -45 },
    "faces": {
        "down":  { "uv": [ 0.5, 6, 1.5, 7 ], "texture": "#rail_activator" },
        "up":    { "uv": [ 0.5, 6, 1.5, 7 ], "texture": "#rail_activator" },
        "north": { "uv": [ 0.5, 6, 1.5, 7 ], "texture": "#rail_activator" },
        "south": { "uv": [ 0.5, 6, 1.5, 7 ], "texture": "#rail_activator" },
        "west":  { "uv": [ 0.5, 6, 1.5, 7 ], "texture": "#rail_activator" },
        "east":  { "uv": [ 0.5, 6, 1.5, 7 ], "texture": "#rail_activator" }
    }
},
{
    "__comment": "Inner",
    "from": [ 14.5, 4, 4 ],
    "to": [ 15.5, 6.5, 12 ],
    "rotation": { "origin": [ 14.5, 6.5, 4 ], "axis": "x", "angle": -45 },
    "faces": {
        "down":  { "uv": [ 0.5, 6, 1.5, 7 ], "texture": "#rail_activator" },
        "up":    { "uv": [ 0.5, 6, 1.5, 7 ], "texture": "#rail_activator" },
        "north": { "uv": [ 0.5, 6, 1.5, 7 ], "texture": "#rail_activator" },
        "south": { "uv": [ 0.5, 6, 1.5, 7 ], "texture": "#rail_activator" },
        "west":  { "uv": [ 0.5, 6, 1.5, 7 ], "texture": "#rail_activator" },
        "east":  { "uv": [ 0.5, 6, 1.5, 7 ], "texture": "#rail_activator" }
    }
},
{
    "__comment": "Outer",
    "from": [ 0, 0, 5 ],
    "to": [ 0.5, 1, 11 ],
    "faces": {
        "down":  { "uv": [ 0, 7, 1, 8 ], "texture": "#rail_activator" },
        "up":    { "uv": [ 0, 7, 1, 8 ], "texture": "#rail_activator" },
        "north": { "uv": [ 1, 7, 1.5, 8 ], "texture": "#rail_activator" },
        "south": { "uv": [ 1, 7, 1.5, 8 ], "texture": "#rail_activator" },
        "west":  { "uv": [ 1, 7.5, 2, 8.5 ], "texture": "#rail_activator" },
        "east":  { "uv": [ 1, 7.5, 2, 8.5 ], "texture": "#rail_activator" }
    }
},
{
    "__comment": "Outer",
    "from": [ 15.5, 0, 5 ],
    "to": [ 16, 1, 11 ],
    "faces": {
        "down":  { "uv": [ 0, 7, 1, 8 ], "texture": "#rail_activator" },
        "up":    { "uv": [ 0, 7, 1, 8 ], "texture": "#rail_activator" },
        "north": { "uv": [ 1, 7, 1.5, 8 ], "texture": "#rail_activator" },
        "south": { "uv": [ 1, 7, 1.5, 8 ], "texture": "#rail_activator" },
        "west":  { "uv": [ 1, 7.5, 2, 8.5 ], "texture": "#rail_activator" },
        "east":  { "uv": [ 1, 7.5, 2, 8.5 ], "texture": "#rail_activator" }
    }
},
{
    "__comment": "Middle",
    "from": [ 0.5, 0, 7 ],
    "to": [ 1, 7.5, 8 ],
    "faces": {
        "down":  { "uv": [ 3, 7, 4, 8 ], "texture": "#rail_activator" },
        "up":    { "uv": [ 3, 7, 4, 8 ], "texture": "#rail_activator" },
        "north": { "uv": [ 12, 8.5, 13, 9.5 ], "texture": "#rail_activator" },
        "south": { "uv": [ 12, 8.5, 13, 9.5 ], "texture": "#rail_activator" },
        "west":  { "uv": [ 3, 8.5, 4, 9.5 ], "texture": "#rail_activator" },
        "east":  { "uv": [ 3, 8.5, 4, 9.5 ], "texture": "#rail_activator" }
    }
},
{
    "__comment": "Middle",
    "from": [ 15, 0, 7 ],
    "to": [ 15.5, 7.5, 8 ],
    "faces": {
        "down":  { "uv": [ 3, 7, 4, 8 ], "texture": "#rail_activator" },
        "up":    { "uv": [ 3, 7, 4, 8 ], "texture": "#rail_activator" },
        "north": { "uv": [ 12, 8.5, 13, 9.5 ], "texture": "#rail_activator" },
        "south": { "uv": [ 12, 8.5, 13, 9.5 ], "texture": "#rail_activator" },
        "west":  { "uv": [ 3, 8.5, 4, 9.5 ], "texture": "#rail_activator" },
        "east":  { "uv": [ 3, 8.5, 4, 9.5 ], "texture": "#rail_activator" }
    }
},
{
    "from": [ 7.5, 1.5, 0 ],
    "to": [ 8.5, 2.5, 22.5 ],
    "rotation": { "origin": [ 7.5, 2.5, 0 ], "axis": "x", "angle": -45 },
    "faces": {
        "down":  { "uv": [ 14, 16, 14.5, 0 ], "texture": "#rail_normal" },
        "up":    { "uv": [ 14, 0, 14.5, 16 ], "texture": "#rail_normal" },
        "north": { "uv": [ 14, 0, 14.5, 0.5 ], "texture": "#rail_normal" },
        "south": { "uv": [ 14, 16, 14.5, 15.5 ], "texture": "#rail_normal" },
        "west":  { "uv": [ 14, 0, 14.5, 0.5 ], "texture": "#rail_normal" },
        "east":  { "uv": [ 14.5, 0, 14, 0.5 ], "texture": "#rail_normal" }
    }
},
{
    "from": [ 7.5, 1.5, 0 ],
    "to": [ 8.5, 2.5, 0.5 ],
    "faces": {
        "down":  { "uv": [ 14, 1.5, 15, 1 ], "texture": "#rail_normal" },
        "up":    { "uv": [ 14, 1, 15, 1.5 ], "texture": "#rail_normal" },
        "north": { "uv": [ 14, 1, 15, 1.5 ], "texture": "#rail_normal" },
        "south": { "uv": [ 14, 1.5, 15, 1 ], "texture": "#rail_normal" },
        "west":  { "uv": [ 14, 1, 14.5, 1.5 ], "texture": "#rail_normal" },
        "east":  { "uv": [ 15, 1, 14.5, 1.5 ], "texture": "#rail_normal" }
    }
}
]
}