{
"__comment": "Designed by Nazcaos for Project Nazca Server",
"textures": {
    "particle": "blocks/rail_normal",
    "rail_normal": "blocks/rail_normal",
    "rail_detector": "blocks/rail_detector_powered"
},
"elements": [ 
{
    "__comment": "MetalBase",
    "from": [ 2, 0.5, 0 ],
    "to": [ 4, 1, 22.5 ],
    "rotation": { "origin": [ 2, 1, 0 ], "axis": "x", "angle": -45 },
    "faces": {
        "down":  { "uv": [ 14, 16, 12, 0 ], "texture": "#rail_normal" },
        "up":    { "uv": [ 2, 0, 4, 16 ], "texture": "#rail_normal" },
        "north": { "uv": [ 12, 14.5, 14, 15 ], "texture": "#rail_normal" },
        "south": { "uv": [ 2, 14.5, 4, 15 ], "texture": "#rail_normal" },
        "west":  { "uv": [ 2, 14.5, 4, 15 ], "texture": "#rail_normal" },
        "east":  { "uv": [ 2, 14.5, 4, 15 ], "texture": "#rail_normal" }
    }
},
{
    "__comment": "MetalBase",
    "from": [ 12, 0.5, 0 ],
    "to": [ 14, 1, 22.5 ],
    "rotation": { "origin": [ 12, 1, 0 ], "axis": "x", "angle": -45 },
    "faces": {
        "down":  { "uv": [ 14, 16, 12, 0 ], "texture": "#rail_normal" },
        "up":    { "uv": [ 2, 0, 4, 16 ], "texture": "#rail_normal" },
        "north": { "uv": [ 12, 14.5, 14, 15 ], "texture": "#rail_normal" },
        "south": { "uv": [ 2, 14.5, 4, 15 ], "texture": "#rail_normal" },
        "west":  { "uv": [ 2, 14.5, 4, 15 ], "texture": "#rail_normal" },
        "east":  { "uv": [ 2, 14.5, 4, 15 ], "texture": "#rail_normal" }
    }
},
{
    "__comment": "BottomMetalBase",
    "from": [ 2, 0.5, 0 ],
    "to": [ 4, 1, 0.5 ],
    "faces": {
        "down":  { "uv": [ 14, 16, 12, 0 ], "texture": "#rail_normal" },
        "up":    { "uv": [ 2, 0, 4, 16 ], "texture": "#rail_normal" },
        "north": { "uv": [ 12, 14.5, 14, 15 ], "texture": "#rail_normal" },
        "south": { "uv": [ 2, 14.5, 4, 15 ], "texture": "#rail_normal" },
        "west":  { "uv": [ 2, 14.5, 4, 15 ], "texture": "#rail_normal" },
        "east":  { "uv": [ 2, 14.5, 4, 15 ], "texture": "#rail_normal" }
    }
},
{
    "__comment": "BottomMetalBase",
    "from": [ 12, 0.5, 0 ],
    "to": [ 14, 1, 0.5 ],
    "faces": {
        "down":  { "uv": [ 14, 16, 12, 0 ], "texture": "#rail_normal" },
        "up":    { "uv": [ 2, 0, 4, 16 ], "texture": "#rail_normal" },
        "north": { "uv": [ 12, 14.5, 14, 15 ], "texture": "#rail_normal" },
        "south": { "uv": [ 2, 14.5, 4, 15 ], "texture": "#rail_normal" },
        "west":  { "uv": [ 2, 14.5, 4, 15 ], "texture": "#rail_normal" },
        "east":  { "uv": [ 2, 14.5, 4, 15 ], "texture": "#rail_normal" }
    }
},
{
    "__comment": "TopMetalBase",
    "from": [ 2, 16.5, 16 ],
    "to": [ 4, 17, 16.5 ],
    "faces": {
        "down":  { "uv": [ 14, 16, 12, 0 ], "texture": "#rail_normal" },
        "up":    { "uv": [ 2, 0, 4, 16 ], "texture": "#rail_normal" },
        "north": { "uv": [ 12, 14.5, 14, 15 ], "texture": "#rail_normal" },
        "south": { "uv": [ 2, 14.5, 4, 15 ], "texture": "#rail_normal" },
        "west":  { "uv": [ 2, 14.5, 4, 15 ], "texture": "#rail_normal" },
        "east":  { "uv": [ 2, 14.5, 4, 15 ], "texture": "#rail_normal" }
    }
},
{
    "__comment": "TopMetalBase",
    "from": [ 12, 16.5, 16 ],
    "to": [ 14, 17, 16.5 ],
    "faces": {
        "down":  { "uv": [ 14, 16, 12, 0 ], "texture": "#rail_normal" },
        "up":    { "uv": [ 2, 0, 4, 16 ], "texture": "#rail_normal" },
        "north": { "uv": [ 12, 14.5, 14, 15 ], "texture": "#rail_normal" },
        "south": { "uv": [ 2, 14.5, 4, 15 ], "texture": "#rail_normal" },
        "west":  { "uv": [ 2, 14.5, 4, 15 ], "texture": "#rail_normal" },
        "east":  { "uv": [ 2, 14.5, 4, 15 ], "texture": "#rail_normal" }
    }
},
{
    "__comment": "Middle",
    "from": [ 2.5, 1, 0 ],
    "to": [ 3, 2, 22.5 ],
    "rotation": { "origin": [ 2.5, 2, 0 ], "axis": "x", "angle": -45 },
    "faces": {
        "down":  { "uv": [ 3, 0, 3.5, 15 ], "texture": "#rail_normal" },
        "up":    { "uv": [ 3, 0, 3.5, 15 ], "texture": "#rail_normal" },
        "north": { "uv": [ 12.5, 14, 13, 15 ], "texture": "#rail_normal" },
        "south": { "uv": [ 12.5, 14, 13, 15 ], "texture": "#rail_normal" },
        "west":  { "uv": [ 3, 14, 4, 15 ], "texture": "#rail_normal" },
        "east":  { "uv": [ 3, 14, 4, 15 ], "texture": "#rail_normal" }
    }
},
{
    "__comment": "Middle",
    "from": [ 2.5, 1, 0 ],
    "to": [ 3, 2, 0.5 ],
    "faces": {
        "down":  { "uv": [ 3, 0, 3.5, 15 ], "texture": "#rail_normal" },
        "up":    { "uv": [ 3, 0, 3.5, 15 ], "texture": "#rail_normal" },
        "north": { "uv": [ 12.5, 14, 13, 15 ], "texture": "#rail_normal" },
        "south": { "uv": [ 12.5, 14, 13, 15 ], "texture": "#rail_normal" },
        "west":  { "uv": [ 3, 14, 4, 15 ], "texture": "#rail_normal" },
        "east":  { "uv": [ 3, 14, 4, 15 ], "texture": "#rail_normal" }
    }
},
{
    "__comment": "Middle",
    "from": [ 2.5, 17, 16 ],
    "to": [ 3, 18, 16.5 ],
    "faces": {
        "down":  { "uv": [ 3, 0, 3.5, 15 ], "texture": "#rail_normal" },
        "up":    { "uv": [ 3, 0, 3.5, 15 ], "texture": "#rail_normal" },
        "north": { "uv": [ 12.5, 14, 13, 15 ], "texture": "#rail_normal" },
        "south": { "uv": [ 12.5, 14, 13, 15 ], "texture": "#rail_normal" },
        "west":  { "uv": [ 3, 14, 4, 15 ], "texture": "#rail_normal" },
        "east":  { "uv": [ 3, 14, 4, 15 ], "texture": "#rail_normal" }
    }
},
{
    "__comment": "Middle",
    "from": [ 13, 1, 0 ],
    "to": [ 13.5, 2, 22.5 ],
    "rotation": { "origin": [ 13, 2, 0 ], "axis": "x", "angle": -45 },
    "faces": {
        "down":  { "uv": [ 3, 0, 3.5, 15 ], "texture": "#rail_normal" },
        "up":    { "uv": [ 3, 0, 3.5, 15 ], "texture": "#rail_normal" },
        "north": { "uv": [ 12.5, 14, 13, 15 ], "texture": "#rail_normal" },
        "south": { "uv": [ 12.5, 14, 13, 15 ], "texture": "#rail_normal" },
        "west":  { "uv": [ 3, 14, 4, 15 ], "texture": "#rail_normal" },
        "east":  { "uv": [ 3, 14, 4, 15 ], "texture": "#rail_normal" }
    }
},
{
    "__comment": "Middle",
    "from": [ 13, 1, 0 ],
    "to": [ 13.5, 2, 0.5 ],
    "faces": {
        "down":  { "uv": [ 3, 0, 3.5, 15 ], "texture": "#rail_normal" },
        "up":    { "uv": [ 3, 0, 3.5, 15 ], "texture": "#rail_normal" },
        "north": { "uv": [ 12.5, 14, 13, 15 ], "texture": "#rail_normal" },
        "south": { "uv": [ 12.5, 14, 13, 15 ], "texture": "#rail_normal" },
        "west":  { "uv": [ 3, 14, 4, 15 ], "texture": "#rail_normal" },
        "east":  { "uv": [ 3, 14, 4, 15 ], "texture": "#rail_normal" }
    }
},
{
    "__comment": "Middle",
    "from": [ 13, 17, 16 ],
    "to": [ 13.5, 18, 16.5 ],
    "faces": {
        "down":  { "uv": [ 3, 0, 3.5, 15 ], "texture": "#rail_normal" },
        "up":    { "uv": [ 3, 0, 3.5, 15 ], "texture": "#rail_normal" },
        "north": { "uv": [ 12.5, 14, 13, 15 ], "texture": "#rail_normal" },
        "south": { "uv": [ 12.5, 14, 13, 15 ], "texture": "#rail_normal" },
        "west":  { "uv": [ 3, 14, 4, 15 ], "texture": "#rail_normal" },
        "east":  { "uv": [ 3, 14, 4, 15 ], "texture": "#rail_normal" }
    }
},
{
    "__comment": "Top",
    "from": [ 2, 2, 0 ],
    "to": [ 3.5, 3, 22.5 ],
    "rotation": { "origin": [ 2, 3, 0 ], "axis": "x", "angle": -45 },
    "faces": {
        "down":  { "uv": [ 2, 0.5, 3, 16 ], "texture": "#rail_normal" },
        "up":    { "uv": [ 2, 0.5, 3, 16 ], "texture": "#rail_normal" },
        "north": { "uv": [ 2, 12, 3, 13 ], "texture": "#rail_normal" },
        "south": { "uv": [ 2, 12, 3, 13 ], "texture": "#rail_normal" },
        "west":  { "uv": [ 2, 13, 3, 14 ], "texture": "#rail_normal" },
        "east":  { "uv": [ 2, 13, 3, 14 ], "texture": "#rail_normal" }
    }
},
{
    "__comment": "Top",
    "from": [ 12.5, 2, 0 ],
    "to": [ 14, 3, 22.5 ],
    "rotation": { "origin": [ 12.5, 3, 0 ], "axis": "x", "angle": -45 },
    "faces": {
        "down":  { "uv": [ 2, 0.5, 3, 16 ], "texture": "#rail_normal" },
        "up":    { "uv": [ 2, 0.5, 3, 16 ], "texture": "#rail_normal" },
        "north": { "uv": [ 2, 12, 3, 13 ], "texture": "#rail_normal" },
        "south": { "uv": [ 2, 12, 3, 13 ], "texture": "#rail_normal" },
        "west":  { "uv": [ 2, 13, 3, 14 ], "texture": "#rail_normal" },
        "east":  { "uv": [ 2, 13, 3, 14 ], "texture": "#rail_normal" }
    }
},
{
    "__comment": "Top",
    "from": [ 2, 2, 0 ],
    "to": [ 3.5, 3, 0.5 ],
    "faces": {
        "down":  { "uv": [ 2, 0.5, 3, 16 ], "texture": "#rail_normal" },
        "up":    { "uv": [ 2, 0.5, 3, 16 ], "texture": "#rail_normal" },
        "north": { "uv": [ 2, 12, 3, 13 ], "texture": "#rail_normal" },
        "south": { "uv": [ 2, 12, 3, 13 ], "texture": "#rail_normal" },
        "west":  { "uv": [ 2, 13, 3, 14 ], "texture": "#rail_normal" },
        "east":  { "uv": [ 2, 13, 3, 14 ], "texture": "#rail_normal" }
    }
},
{
    "__comment": "Top",
    "from": [ 12.5, 2, 0 ],
    "to": [ 14, 3, 0.5 ],
    "faces": {
        "down":  { "uv": [ 2, 0.5, 3, 16 ], "texture": "#rail_normal" },
        "up":    { "uv": [ 2, 0.5, 3, 16 ], "texture": "#rail_normal" },
        "north": { "uv": [ 2, 12, 3, 13 ], "texture": "#rail_normal" },
        "south": { "uv": [ 2, 12, 3, 13 ], "texture": "#rail_normal" },
        "west":  { "uv": [ 2, 13, 3, 14 ], "texture": "#rail_normal" },
        "east":  { "uv": [ 2, 13, 3, 14 ], "texture": "#rail_normal" }
    }
},
{
    "__comment": "Top",
    "from": [ 2, 18, 16 ],
    "to": [ 3.5, 19, 16.5 ],
    "faces": {
        "down":  { "uv": [ 2, 0.5, 3, 16 ], "texture": "#rail_normal" },
        "up":    { "uv": [ 2, 0.5, 3, 16 ], "texture": "#rail_normal" },
        "north": { "uv": [ 2, 12, 3, 13 ], "texture": "#rail_normal" },
        "south": { "uv": [ 2, 12, 3, 13 ], "texture": "#rail_normal" },
        "west":  { "uv": [ 2, 13, 3, 14 ], "texture": "#rail_normal" },
        "east":  { "uv": [ 2, 13, 3, 14 ], "texture": "#rail_normal" }
    }
},
{
    "__comment": "Top",
    "from": [ 12.5, 18, 16 ],
    "to": [ 14, 19, 16.5 ],
    "faces": {
        "down":  { "uv": [ 2, 0.5, 3, 16 ], "texture": "#rail_normal" },
        "up":    { "uv": [ 2, 0.5, 3, 16 ], "texture": "#rail_normal" },
        "north": { "uv": [ 2, 12, 3, 13 ], "texture": "#rail_normal" },
        "south": { "uv": [ 2, 12, 3, 13 ], "texture": "#rail_normal" },
        "west":  { "uv": [ 2, 13, 3, 14 ], "texture": "#rail_normal" },
        "east":  { "uv": [ 2, 13, 3, 14 ], "texture": "#rail_normal" }
    }
},
{
    "from": [ 1.5, -0.5, 6 ],
    "to": [ 4.5, 7.5, 7 ],
    "rotation": { "origin": [ 1.5, 7.5, 6 ], "axis": "x", "angle": -22.5 },
    "faces": {
        "down":  { "uv": [ 4, 10, 5, 11 ], "texture": "#rail_normal" },
        "up":    { "uv": [ 4, 10, 5, 11 ], "texture": "#rail_normal" },
        "north": { "uv": [ 11, 10, 12, 11 ], "texture": "#rail_normal" },
        "south": { "uv": [ 11, 10, 12, 11 ], "texture": "#rail_normal" },
        "west":  { "uv": [ 4, 10, 5, 11 ], "texture": "#rail_normal" },
        "east":  { "uv": [ 4, 10, 5, 11 ], "texture": "#rail_normal" }
    }
},
{
    "from": [ 1.5, -0.125, 6.875 ],
    "to": [ 4.5, 7.875, 7.875 ],
    "rotation": { "origin": [ 1.5, 7.875, 6.875 ], "axis": "x", "angle": -22.5 },
    "faces": {
        "down":  { "uv": [ 4, 10, 5, 11 ], "texture": "#rail_normal" },
        "up":    { "uv": [ 4, 10, 5, 11 ], "texture": "#rail_normal" },
        "north": { "uv": [ 4, 10, 5, 11 ], "texture": "#rail_normal" },
        "south": { "uv": [ 4, 10, 5, 11 ], "texture": "#rail_normal" },
        "west":  { "uv": [ 4, 10, 5, 11 ], "texture": "#rail_normal" },
        "east":  { "uv": [ 4, 10, 5, 11 ], "texture": "#rail_normal" }
    }
},
{
    "from": [ 11.5, -0.5, 6 ],
    "to": [ 14.5, 7.5, 7 ],
    "rotation": { "origin": [ 11.5, 7.5, 6 ], "axis": "x", "angle": -22.5 },
    "faces": {
        "down":  { "uv": [ 4, 10, 5, 11 ], "texture": "#rail_normal" },
        "up":    { "uv": [ 4, 10, 5, 11 ], "texture": "#rail_normal" },
        "north": { "uv": [ 11, 10, 12, 11 ], "texture": "#rail_normal" },
        "south": { "uv": [ 11, 10, 12, 11 ], "texture": "#rail_normal" },
        "west":  { "uv": [ 4, 10, 5, 11 ], "texture": "#rail_normal" },
        "east":  { "uv": [ 4, 10, 5, 11 ], "texture": "#rail_normal" }
    }
},
{
    "from": [ 11.5, 0, 6.8125 ],
    "to": [ 14.5, 8, 7.8125 ],
    "rotation": { "origin": [ 11.5, 8, 6.8125 ], "axis": "x", "angle": -22.5 },
    "faces": {
        "down":  { "uv": [ 4, 10, 5, 11 ], "texture": "#rail_normal" },
        "up":    { "uv": [ 4, 10, 5, 11 ], "texture": "#rail_normal" },
        "north": { "uv": [ 4, 10, 5, 11 ], "texture": "#rail_normal" },
        "south": { "uv": [ 4, 10, 5, 11 ], "texture": "#rail_normal" },
        "west":  { "uv": [ 4, 10, 5, 11 ], "texture": "#rail_normal" },
        "east":  { "uv": [ 4, 10, 5, 11 ], "texture": "#rail_normal" }
    }
},
{
    "from": [ 1.5, 0, 8 ],
    "to": [ 4.5, 1, 11.5 ],
    "faces": {
        "down":  { "uv": [ 3, 8, 4, 11.5 ], "texture": "#rail_normal" },
        "up":    { "uv": [ 3, 8, 4, 11.5 ], "texture": "#rail_normal" },
        "north": { "uv": [ 12, 15, 13, 16 ], "texture": "#rail_normal" },
        "south": { "uv": [ 12, 15, 13, 16 ], "texture": "#rail_normal" },
        "west":  { "uv": [ 3, 14.5, 4, 15.5 ], "texture": "#rail_normal" },
        "east":  { "uv": [ 3, 14.5, 4, 15.5 ], "texture": "#rail_normal" }
    }
},
{
    "from": [ 11.5, 0, 8 ],
    "to": [ 14.5, 1, 11.5 ],
    "faces": {
        "down":  { "uv": [ 3, 8, 4, 11.5 ], "texture": "#rail_normal" },
        "up":    { "uv": [ 3, 8, 4, 11.5 ], "texture": "#rail_normal" },
        "north": { "uv": [ 12, 15, 13, 16 ], "texture": "#rail_normal" },
        "south": { "uv": [ 12, 15, 13, 16 ], "texture": "#rail_normal" },
        "west":  { "uv": [ 3, 14.5, 4, 15.5 ], "texture": "#rail_normal" },
        "east":  { "uv": [ 3, 14.5, 4, 15.5 ], "texture": "#rail_normal" }
    }
},
{
    "__comment": "Upper",
    "from": [ 7, 1.02763, 0 ],
    "to": [ 7.5, 2.02763, 22.5 ],
    "rotation": { "origin": [ 7, 2.02763, 0 ], "axis": "x", "angle": -45 },
    "faces": {
        "down":  { "uv": [ 1, 1, 2, 2 ], "texture": "#rail_detector" },
        "up":    { "uv": [ 1, 1, 2, 2 ], "texture": "#rail_detector" },
        "north": { "uv": [ 1, 1, 2, 2 ], "texture": "#rail_detector" },
        "south": { "uv": [ 1, 1, 2, 2 ], "texture": "#rail_detector" },
        "west":  { "uv": [ 1, 1, 2, 2 ], "texture": "#rail_detector" },
        "east":  { "uv": [ 1, 1, 2, 2 ], "texture": "#rail_detector" }
    }
},
{
    "__comment": "Upper",
    "from": [ 7, 17, 16 ],
    "to": [ 9, 18, 16.5 ],
    "faces": {
        "down":  { "uv": [ 1, 1, 2, 2 ], "texture": "#rail_detector" },
        "up":    { "uv": [ 1, 1, 2, 2 ], "texture": "#rail_detector" },
        "north": { "uv": [ 1, 1, 2, 2 ], "texture": "#rail_detector" },
        "south": { "uv": [ 1, 1, 2, 2 ], "texture": "#rail_detector" },
        "west":  { "uv": [ 1, 1, 2, 2 ], "texture": "#rail_detector" },
        "east":  { "uv": [ 1, 1, 2, 2 ], "texture": "#rail_detector" }
    }
},
{
    "__comment": "Upper",
    "from": [ 7, 1, 0 ],
    "to": [ 9, 2, 0.5 ],
    "faces": {
        "down":  { "uv": [ 1, 1, 2, 2 ], "texture": "#rail_detector" },
        "up":    { "uv": [ 1, 1, 2, 2 ], "texture": "#rail_detector" },
        "north": { "uv": [ 1, 1, 2, 2 ], "texture": "#rail_detector" },
        "south": { "uv": [ 1, 1, 2, 2 ], "texture": "#rail_detector" },
        "west":  { "uv": [ 1, 1, 2, 2 ], "texture": "#rail_detector" },
        "east":  { "uv": [ 1, 1, 2, 2 ], "texture": "#rail_detector" }
    }
},
{
    "__comment": "Middle",
    "from": [ 7.5, 0.5, 0 ],
    "to": [ 8.5, 1.5, 22.5 ],
    "rotation": { "origin": [ 7.5, 1.5, 0 ], "axis": "x", "angle": -45 },
    "faces": {
        "down":  { "uv": [ 4, 2, 5, 3 ], "texture": "#rail_detector" },
        "up":    { "uv": [ 4, 2, 5, 3 ], "texture": "#rail_detector" },
        "north": { "uv": [ 4, 2, 5, 2.5 ], "texture": "#rail_detector" },
        "south": { "uv": [ 4, 2, 5, 2.5 ], "texture": "#rail_detector" },
        "west":  { "uv": [ 1, 2, 2, 3 ], "texture": "#rail_detector" },
        "east":  { "uv": [ 1, 2, 2, 3 ], "texture": "#rail_detector" }
    }
},
{
    "__comment": "Middle",
    "from": [ 7.5, 0.5, 0 ],
    "to": [ 8.5, 1.5, 0.5 ],
    "faces": {
        "down":  { "uv": [ 4, 2, 5, 3 ], "texture": "#rail_detector" },
        "up":    { "uv": [ 4, 2, 5, 3 ], "texture": "#rail_detector" },
        "north": { "uv": [ 4, 2, 5, 2.5 ], "texture": "#rail_detector" },
        "south": { "uv": [ 4, 2, 5, 2.5 ], "texture": "#rail_detector" },
        "west":  { "uv": [ 1, 2, 2, 3 ], "texture": "#rail_detector" },
        "east":  { "uv": [ 1, 2, 2, 3 ], "texture": "#rail_detector" }
    }
},
{
    "__comment": "Middle",
    "from": [ 7.5, 16.5, 16 ],
    "to": [ 8.5, 17.5, 16.5 ],
    "faces": {
        "down":  { "uv": [ 4, 2, 5, 3 ], "texture": "#rail_detector" },
        "up":    { "uv": [ 4, 2, 5, 3 ], "texture": "#rail_detector" },
        "north": { "uv": [ 4, 2, 5, 2.5 ], "texture": "#rail_detector" },
        "south": { "uv": [ 4, 2, 5, 2.5 ], "texture": "#rail_detector" },
        "west":  { "uv": [ 1, 2, 2, 3 ], "texture": "#rail_detector" },
        "east":  { "uv": [ 1, 2, 2, 3 ], "texture": "#rail_detector" }
    }
},
{
    "__comment": "Base",
    "from": [ 3, 6.25, 5.5 ],
    "to": [ 13, 7.25, 8 ],
    "rotation": { "origin": [ 3, 7.25, 5.5 ], "axis": "x", "angle": -45 },
    "faces": {
        "down":  { "uv": [ 3, 5.5, 4, 6.5 ], "texture": "#rail_normal" },
        "up":    { "uv": [ 3, 5.5, 4, 6.5 ], "texture": "#rail_normal" },
        "north": { "uv": [ 3, 5.5, 4, 6.5 ], "texture": "#rail_normal" },
        "south": { "uv": [ 3, 5.5, 4, 6.5 ], "texture": "#rail_normal" },
        "west":  { "uv": [ 3, 6, 4, 7 ], "texture": "#rail_normal" },
        "east":  { "uv": [ 3, 5.5, 4, 6.5 ], "texture": "#rail_normal" }
    }
},
{
    "from": [ 8.5, 1, 0 ],
    "to": [ 9, 2, 22.5 ],
    "rotation": { "origin": [ 8.5, 2, 0 ], "axis": "x", "angle": -45 },
    "faces": {
        "down":  { "uv": [ 1, 1, 2, 2 ], "texture": "#rail_detector" },
        "up":    { "uv": [ 1, 1, 2, 2 ], "texture": "#rail_detector" },
        "north": { "uv": [ 1, 1, 2, 2 ], "texture": "#rail_detector" },
        "south": { "uv": [ 1, 1, 2, 2 ], "texture": "#rail_detector" },
        "west":  { "uv": [ 1, 1, 2, 2 ], "texture": "#rail_detector" },
        "east":  { "uv": [ 1, 1, 2, 2 ], "texture": "#rail_detector" }
    }
},
{
    "from": [ 7.5, 1.5, 0 ],
    "to": [ 8.5, 2.5, 22.5 ],
    "rotation": { "origin": [ 7.5, 2.5, 0 ], "axis": "x", "angle": -45 },
    "faces": {
        "down":  { "uv": [ 1, 16, 1.5, 0 ], "texture": "#rail_normal" },
        "up":    { "uv": [ 1, 0, 1.5, 16 ], "texture": "#rail_normal" },
        "north": { "uv": [ 1, 0, 1.5, 0.5 ], "texture": "#rail_normal" },
        "south": { "uv": [ 1, 16, 1.5, 15.5 ], "texture": "#rail_normal" },
        "west":  { "uv": [ 1, 0, 1.5, 0.5 ], "texture": "#rail_normal" },
        "east":  { "uv": [ 1.5, 0, 1, 0.5 ], "texture": "#rail_normal" }
    }
},
{
    "from": [ 7.5, 1.5, 0 ],
    "to": [ 8.5, 2.5, 0.5 ],
    "faces": {
        "down":  { "uv": [ 1, 3.5, 2, 3 ], "texture": "#rail_normal" },
        "up":    { "uv": [ 1, 3, 2, 3.5 ], "texture": "#rail_normal" },
        "north": { "uv": [ 1, 3, 2, 3.5 ], "texture": "#rail_normal" },
        "south": { "uv": [ 1, 3.5, 2, 3 ], "texture": "#rail_normal" },
        "west":  { "uv": [ 1, 3, 1.5, 3.5 ], "texture": "#rail_normal" },
        "east":  { "uv": [ 2, 3, 1.5, 3.5 ], "texture": "#rail_normal" }
    }
},
{
    "from": [ 7.5, 17.5, 16 ],
    "to": [ 8.5, 18.5, 16.5 ],
    "faces": {
        "down":  { "uv": [ 1, 1, 2, 0.5 ], "texture": "#rail_normal" },
        "up":    { "uv": [ 1, 0.5, 2, 1 ], "texture": "#rail_normal" },
        "north": { "uv": [ 1, 0.5, 2, 1 ], "texture": "#rail_normal" },
        "south": { "uv": [ 1, 1, 2, 0.5 ], "texture": "#rail_normal" },
        "west":  { "uv": [ 1, 0.5, 1.5, 1 ], "texture": "#rail_normal" },
        "east":  { "uv": [ 2, 0.5, 1.5, 1 ], "texture": "#rail_normal" }
    }
}
]
}