{
"__comment": "Designed by Nazcaos for Project Nazca Server",
"textures": {
    "particle": "blocks/rail_normal",
    "rail_normal": "blocks/rail_normal",
    "rail_golden": "blocks/rail_golden"
},
"elements": [ 
{
    "__comment": "MetalBase",
    "from": [ 12, 16.5, 0 ],
    "to": [ 14, 17, 22.5 ],
    "rotation": { "origin": [ 12, 17, 0 ], "axis": "x", "angle": 45 },
    "faces": {
        "down":  { "uv": [ 14, 16, 12, 0 ], "rotation": 180, "texture": "#rail_normal" },
        "up":    { "uv": [ 2, 0, 4, 16 ], "rotation": 180, "texture": "#rail_normal" },
        "north": { "uv": [ 2, 14.5, 4, 15 ], "texture": "#rail_normal" },
        "south": { "uv": [ 12, 14.5, 14, 15 ], "texture": "#rail_normal" },
        "west":  { "uv": [ 2, 14.5, 4, 15 ], "texture": "#rail_normal" },
        "east":  { "uv": [ 2, 14.5, 4, 15 ], "texture": "#rail_normal" }
    }
},
{
    "__comment": "MetalBase",
    "from": [ 2, 16.5, 0 ],
    "to": [ 4, 17, 22.5 ],
    "rotation": { "origin": [ 2, 17, 0 ], "axis": "x", "angle": 45 },
    "faces": {
        "down":  { "uv": [ 14, 16, 12, 0 ], "rotation": 180, "texture": "#rail_normal" },
        "up":    { "uv": [ 2, 0, 4, 16 ], "rotation": 180, "texture": "#rail_normal" },
        "north": { "uv": [ 2, 14.5, 4, 15 ], "texture": "#rail_normal" },
        "south": { "uv": [ 12, 14.5, 14, 15 ], "texture": "#rail_normal" },
        "west":  { "uv": [ 2, 14.5, 4, 15 ], "texture": "#rail_normal" },
        "east":  { "uv": [ 2, 14.5, 4, 15 ], "texture": "#rail_normal" }
    }
},
{
    "__comment": "BottomMetalBase",
    "from": [ 12, 0.5, 15.5 ],
    "to": [ 14, 1, 16 ],
    "faces": {
        "down":  { "uv": [ 14, 16, 12, 0 ], "rotation": 180, "texture": "#rail_normal" },
        "up":    { "uv": [ 2, 0, 4, 16 ], "rotation": 180, "texture": "#rail_normal" },
        "north": { "uv": [ 2, 14.5, 4, 15 ], "texture": "#rail_normal" },
        "south": { "uv": [ 12, 14.5, 14, 15 ], "texture": "#rail_normal" },
        "west":  { "uv": [ 2, 14.5, 4, 15 ], "texture": "#rail_normal" },
        "east":  { "uv": [ 2, 14.5, 4, 15 ], "texture": "#rail_normal" }
    }
},
{
    "__comment": "BottomMetalBase",
    "from": [ 2, 0.5, 15.5 ],
    "to": [ 4, 1, 16 ],
    "faces": {
        "down":  { "uv": [ 14, 16, 12, 0 ], "rotation": 180, "texture": "#rail_normal" },
        "up":    { "uv": [ 2, 0, 4, 16 ], "rotation": 180, "texture": "#rail_normal" },
        "north": { "uv": [ 2, 14.5, 4, 15 ], "texture": "#rail_normal" },
        "south": { "uv": [ 12, 14.5, 14, 15 ], "texture": "#rail_normal" },
        "west":  { "uv": [ 2, 14.5, 4, 15 ], "texture": "#rail_normal" },
        "east":  { "uv": [ 2, 14.5, 4, 15 ], "texture": "#rail_normal" }
    }
},
{
    "__comment": "TopMetalBase",
    "from": [ 12, 16.5, -0.5 ],
    "to": [ 14, 17, 0 ],
    "faces": {
        "down":  { "uv": [ 14, 16, 12, 0 ], "rotation": 180, "texture": "#rail_normal" },
        "up":    { "uv": [ 2, 0, 4, 16 ], "rotation": 180, "texture": "#rail_normal" },
        "north": { "uv": [ 2, 14.5, 4, 15 ], "texture": "#rail_normal" },
        "south": { "uv": [ 12, 14.5, 14, 15 ], "texture": "#rail_normal" },
        "west":  { "uv": [ 2, 14.5, 4, 15 ], "texture": "#rail_normal" },
        "east":  { "uv": [ 2, 14.5, 4, 15 ], "texture": "#rail_normal" }
    }
},
{
    "__comment": "TopMetalBase",
    "from": [ 2, 16.5, -0.5 ],
    "to": [ 4, 17, 0 ],
    "faces": {
        "down":  { "uv": [ 14, 16, 12, 0 ], "rotation": 180, "texture": "#rail_normal" },
        "up":    { "uv": [ 2, 0, 4, 16 ], "rotation": 180, "texture": "#rail_normal" },
        "north": { "uv": [ 2, 14.5, 4, 15 ], "texture": "#rail_normal" },
        "south": { "uv": [ 12, 14.5, 14, 15 ], "texture": "#rail_normal" },
        "west":  { "uv": [ 2, 14.5, 4, 15 ], "texture": "#rail_normal" },
        "east":  { "uv": [ 2, 14.5, 4, 15 ], "texture": "#rail_normal" }
    }
},
{
    "__comment": "Middle",
    "from": [ 13, 17, 0 ],
    "to": [ 13.5, 18, 22.5 ],
    "rotation": { "origin": [ 13, 18, 0 ], "axis": "x", "angle": 45 },
    "faces": {
        "down":  { "uv": [ 3, 0, 3.5, 15 ], "rotation": 180, "texture": "#rail_normal" },
        "up":    { "uv": [ 3, 0, 3.5, 15 ], "rotation": 180, "texture": "#rail_normal" },
        "north": { "uv": [ 12.5, 14, 13, 15 ], "texture": "#rail_normal" },
        "south": { "uv": [ 12.5, 14, 13, 15 ], "texture": "#rail_normal" },
        "west":  { "uv": [ 3, 14, 4, 15 ], "texture": "#rail_normal" },
        "east":  { "uv": [ 3, 14, 4, 15 ], "texture": "#rail_normal" }
    }
},
{
    "__comment": "Middle",
    "from": [ 13, 1, 15.5 ],
    "to": [ 13.5, 2, 16 ],
    "faces": {
        "down":  { "uv": [ 3, 0, 3.5, 15 ], "rotation": 180, "texture": "#rail_normal" },
        "up":    { "uv": [ 3, 0, 3.5, 15 ], "rotation": 180, "texture": "#rail_normal" },
        "north": { "uv": [ 12.5, 14, 13, 15 ], "texture": "#rail_normal" },
        "south": { "uv": [ 12.5, 14, 13, 15 ], "texture": "#rail_normal" },
        "west":  { "uv": [ 3, 14, 4, 15 ], "texture": "#rail_normal" },
        "east":  { "uv": [ 3, 14, 4, 15 ], "texture": "#rail_normal" }
    }
},
{
    "__comment": "Middle",
    "from": [ 13, 17, -0.5 ],
    "to": [ 13.5, 18, 0 ],
    "faces": {
        "down":  { "uv": [ 3, 0, 3.5, 15 ], "rotation": 180, "texture": "#rail_normal" },
        "up":    { "uv": [ 3, 0, 3.5, 15 ], "rotation": 180, "texture": "#rail_normal" },
        "north": { "uv": [ 12.5, 14, 13, 15 ], "texture": "#rail_normal" },
        "south": { "uv": [ 12.5, 14, 13, 15 ], "texture": "#rail_normal" },
        "west":  { "uv": [ 3, 14, 4, 15 ], "texture": "#rail_normal" },
        "east":  { "uv": [ 3, 14, 4, 15 ], "texture": "#rail_normal" }
    }
},
{
    "__comment": "Middle",
    "from": [ 2.5, 17, 0 ],
    "to": [ 3, 18, 22.5 ],
    "rotation": { "origin": [ 2.5, 18, 0 ], "axis": "x", "angle": 45 },
    "faces": {
        "down":  { "uv": [ 3, 0, 3.5, 15 ], "rotation": 180, "texture": "#rail_normal" },
        "up":    { "uv": [ 3, 0, 3.5, 15 ], "rotation": 180, "texture": "#rail_normal" },
        "north": { "uv": [ 12.5, 14, 13, 15 ], "texture": "#rail_normal" },
        "south": { "uv": [ 12.5, 14, 13, 15 ], "texture": "#rail_normal" },
        "west":  { "uv": [ 3, 14, 4, 15 ], "texture": "#rail_normal" },
        "east":  { "uv": [ 3, 14, 4, 15 ], "texture": "#rail_normal" }
    }
},
{
    "__comment": "Middle",
    "from": [ 2.5, 1, 15.5 ],
    "to": [ 3, 2, 16 ],
    "faces": {
        "down":  { "uv": [ 3, 0, 3.5, 15 ], "rotation": 180, "texture": "#rail_normal" },
        "up":    { "uv": [ 3, 0, 3.5, 15 ], "rotation": 180, "texture": "#rail_normal" },
        "north": { "uv": [ 12.5, 14, 13, 15 ], "texture": "#rail_normal" },
        "south": { "uv": [ 12.5, 14, 13, 15 ], "texture": "#rail_normal" },
        "west":  { "uv": [ 3, 14, 4, 15 ], "texture": "#rail_normal" },
        "east":  { "uv": [ 3, 14, 4, 15 ], "texture": "#rail_normal" }
    }
},
{
    "__comment": "Middle",
    "from": [ 2.5, 17, -0.5 ],
    "to": [ 3, 18, 0 ],
    "faces": {
        "down":  { "uv": [ 3, 0, 3.5, 15 ], "rotation": 180, "texture": "#rail_normal" },
        "up":    { "uv": [ 3, 0, 3.5, 15 ], "rotation": 180, "texture": "#rail_normal" },
        "north": { "uv": [ 12.5, 14, 13, 15 ], "texture": "#rail_normal" },
        "south": { "uv": [ 12.5, 14, 13, 15 ], "texture": "#rail_normal" },
        "west":  { "uv": [ 3, 14, 4, 15 ], "texture": "#rail_normal" },
        "east":  { "uv": [ 3, 14, 4, 15 ], "texture": "#rail_normal" }
    }
},
{
    "__comment": "Top",
    "from": [ 12.5, 18, 0 ],
    "to": [ 14, 19, 22.5 ],
    "rotation": { "origin": [ 12.5, 19, 0 ], "axis": "x", "angle": 45 },
    "faces": {
        "down":  { "uv": [ 2, 0.5, 3, 16 ], "rotation": 180, "texture": "#rail_normal" },
        "up":    { "uv": [ 2, 0.5, 3, 16 ], "rotation": 180, "texture": "#rail_normal" },
        "north": { "uv": [ 2, 12, 3, 13 ], "texture": "#rail_normal" },
        "south": { "uv": [ 2, 12, 3, 13 ], "texture": "#rail_normal" },
        "west":  { "uv": [ 2, 13, 3, 14 ], "texture": "#rail_normal" },
        "east":  { "uv": [ 2, 13, 3, 14 ], "texture": "#rail_normal" }
    }
},
{
    "__comment": "Top",
    "from": [ 2, 18, 0 ],
    "to": [ 3.5, 19, 22.5 ],
    "rotation": { "origin": [ 2, 19, 0 ], "axis": "x", "angle": 45 },
    "faces": {
        "down":  { "uv": [ 2, 0.5, 3, 16 ], "rotation": 180, "texture": "#rail_normal" },
        "up":    { "uv": [ 2, 0.5, 3, 16 ], "rotation": 180, "texture": "#rail_normal" },
        "north": { "uv": [ 2, 12, 3, 13 ], "texture": "#rail_normal" },
        "south": { "uv": [ 2, 12, 3, 13 ], "texture": "#rail_normal" },
        "west":  { "uv": [ 2, 13, 3, 14 ], "texture": "#rail_normal" },
        "east":  { "uv": [ 2, 13, 3, 14 ], "texture": "#rail_normal" }
    }
},
{
    "__comment": "Top",
    "from": [ 12.5, 2, 15.5 ],
    "to": [ 14, 3, 16 ],
    "faces": {
        "down":  { "uv": [ 2, 0.5, 3, 16 ], "rotation": 180, "texture": "#rail_normal" },
        "up":    { "uv": [ 2, 0.5, 3, 16 ], "rotation": 180, "texture": "#rail_normal" },
        "north": { "uv": [ 2, 12, 3, 13 ], "texture": "#rail_normal" },
        "south": { "uv": [ 2, 12, 3, 13 ], "texture": "#rail_normal" },
        "west":  { "uv": [ 2, 13, 3, 14 ], "texture": "#rail_normal" },
        "east":  { "uv": [ 2, 13, 3, 14 ], "texture": "#rail_normal" }
    }
},
{
    "__comment": "Top",
    "from": [ 2, 2, 15.5 ],
    "to": [ 3.5, 3, 16 ],
    "faces": {
        "down":  { "uv": [ 2, 0.5, 3, 16 ], "rotation": 180, "texture": "#rail_normal" },
        "up":    { "uv": [ 2, 0.5, 3, 16 ], "rotation": 180, "texture": "#rail_normal" },
        "north": { "uv": [ 2, 12, 3, 13 ], "texture": "#rail_normal" },
        "south": { "uv": [ 2, 12, 3, 13 ], "texture": "#rail_normal" },
        "west":  { "uv": [ 2, 13, 3, 14 ], "texture": "#rail_normal" },
        "east":  { "uv": [ 2, 13, 3, 14 ], "texture": "#rail_normal" }
    }
},
{
    "__comment": "Top",
    "from": [ 12.5, 18, -0.5 ],
    "to": [ 14, 19, 0 ],
    "faces": {
        "down":  { "uv": [ 2, 0.5, 3, 16 ], "rotation": 180, "texture": "#rail_normal" },
        "up":    { "uv": [ 2, 0.5, 3, 16 ], "rotation": 180, "texture": "#rail_normal" },
        "north": { "uv": [ 2, 12, 3, 13 ], "texture": "#rail_normal" },
        "south": { "uv": [ 2, 12, 3, 13 ], "texture": "#rail_normal" },
        "west":  { "uv": [ 2, 13, 3, 14 ], "texture": "#rail_normal" },
        "east":  { "uv": [ 2, 13, 3, 14 ], "texture": "#rail_normal" }
    }
},
{
    "__comment": "Top",
    "from": [ 2, 18, -0.5 ],
    "to": [ 3.5, 19, 0 ],
    "faces": {
        "down":  { "uv": [ 2, 0.5, 3, 16 ], "rotation": 180, "texture": "#rail_normal" },
        "up":    { "uv": [ 2, 0.5, 3, 16 ], "rotation": 180, "texture": "#rail_normal" },
        "north": { "uv": [ 2, 12, 3, 13 ], "texture": "#rail_normal" },
        "south": { "uv": [ 2, 12, 3, 13 ], "texture": "#rail_normal" },
        "west":  { "uv": [ 2, 13, 3, 14 ], "texture": "#rail_normal" },
        "east":  { "uv": [ 2, 13, 3, 14 ], "texture": "#rail_normal" }
    }
},
{
    "from": [ 11.5, 0, 9 ],
    "to": [ 14.5, 8, 10 ],
    "rotation": { "origin": [ 11.5, 8, 9 ], "axis": "x", "angle": 22.5 },
    "faces": {
        "down":  { "uv": [ 4, 10, 5, 11 ], "rotation": 180, "texture": "#rail_normal" },
        "up":    { "uv": [ 4, 10, 5, 11 ], "rotation": 180, "texture": "#rail_normal" },
        "north": { "uv": [ 11, 10, 12, 11 ], "texture": "#rail_normal" },
        "south": { "uv": [ 11, 10, 12, 11 ], "texture": "#rail_normal" },
        "west":  { "uv": [ 4, 10, 5, 11 ], "texture": "#rail_normal" },
        "east":  { "uv": [ 4, 10, 5, 11 ], "texture": "#rail_normal" }
    }
},
{
    "from": [ 11.5, 0.375, 8 ],
    "to": [ 14.5, 8.375, 9 ],
    "rotation": { "origin": [ 11.5, 8.375, 8 ], "axis": "x", "angle": 22.5 },
    "faces": {
        "down":  { "uv": [ 4, 10, 5, 11 ], "rotation": 180, "texture": "#rail_normal" },
        "up":    { "uv": [ 4, 10, 5, 11 ], "rotation": 180, "texture": "#rail_normal" },
        "north": { "uv": [ 4, 10, 5, 11 ], "texture": "#rail_normal" },
        "south": { "uv": [ 4, 10, 5, 11 ], "texture": "#rail_normal" },
        "west":  { "uv": [ 4, 10, 5, 11 ], "texture": "#rail_normal" },
        "east":  { "uv": [ 4, 10, 5, 11 ], "texture": "#rail_normal" }
    }
},
{
    "from": [ 1.5, 0, 9 ],
    "to": [ 4.5, 8, 10 ],
    "rotation": { "origin": [ 1.5, 8, 9 ], "axis": "x", "angle": 22.5 },
    "faces": {
        "down":  { "uv": [ 4, 10, 5, 11 ], "rotation": 180, "texture": "#rail_normal" },
        "up":    { "uv": [ 4, 10, 5, 11 ], "rotation": 180, "texture": "#rail_normal" },
        "north": { "uv": [ 11, 10, 12, 11 ], "texture": "#rail_normal" },
        "south": { "uv": [ 11, 10, 12, 11 ], "texture": "#rail_normal" },
        "west":  { "uv": [ 4, 10, 5, 11 ], "texture": "#rail_normal" },
        "east":  { "uv": [ 4, 10, 5, 11 ], "texture": "#rail_normal" }
    }
},
{
    "from": [ 1.5, 0.375, 8.0625 ],
    "to": [ 4.5, 8.375, 9.0625 ],
    "rotation": { "origin": [ 1.5, 8.375, 8.0625 ], "axis": "x", "angle": 22.5 },
    "faces": {
        "down":  { "uv": [ 4, 10, 5, 11 ], "rotation": 180, "texture": "#rail_normal" },
        "up":    { "uv": [ 4, 10, 5, 11 ], "rotation": 180, "texture": "#rail_normal" },
        "north": { "uv": [ 4, 10, 5, 11 ], "texture": "#rail_normal" },
        "south": { "uv": [ 4, 10, 5, 11 ], "texture": "#rail_normal" },
        "west":  { "uv": [ 4, 10, 5, 11 ], "texture": "#rail_normal" },
        "east":  { "uv": [ 4, 10, 5, 11 ], "texture": "#rail_normal" }
    }
},
{
    "from": [ 11.5, 0, 4.5 ],
    "to": [ 14.5, 1, 8 ],
    "faces": {
        "down":  { "uv": [ 3, 8, 4, 11.5 ], "rotation": 180, "texture": "#rail_normal" },
        "up":    { "uv": [ 3, 8, 4, 11.5 ], "rotation": 180, "texture": "#rail_normal" },
        "north": { "uv": [ 12, 15, 13, 16 ], "texture": "#rail_normal" },
        "south": { "uv": [ 12, 15, 13, 16 ], "texture": "#rail_normal" },
        "west":  { "uv": [ 3, 14.5, 4, 15.5 ], "texture": "#rail_normal" },
        "east":  { "uv": [ 3, 14.5, 4, 15.5 ], "texture": "#rail_normal" }
    }
},
{
    "from": [ 1.5, 0, 4.5 ],
    "to": [ 4.5, 1, 8 ],
    "faces": {
        "down":  { "uv": [ 3, 8, 4, 11.5 ], "rotation": 180, "texture": "#rail_normal" },
        "up":    { "uv": [ 3, 8, 4, 11.5 ], "rotation": 180, "texture": "#rail_normal" },
        "north": { "uv": [ 12, 15, 13, 16 ], "texture": "#rail_normal" },
        "south": { "uv": [ 12, 15, 13, 16 ], "texture": "#rail_normal" },
        "west":  { "uv": [ 3, 14.5, 4, 15.5 ], "texture": "#rail_normal" },
        "east":  { "uv": [ 3, 14.5, 4, 15.5 ], "texture": "#rail_normal" }
    }
},
{
    "__comment": "Outer ",
    "from": [ 1, 16, 0 ],
    "to": [ 1.5, 17, 23 ],
    "rotation": { "origin": [ 1, 17, 0 ], "axis": "x", "angle": 45 },
    "faces": {
        "down":  { "uv": [ 4, 1, 5, 2 ], "texture": "#rail_golden" },
        "up":    { "uv": [ 4, 1, 5, 2 ], "texture": "#rail_golden" },
        "north": { "uv": [ 4, 1, 5, 2 ], "texture": "#rail_golden" },
        "south": { "uv": [ 4, 1, 5, 2 ], "texture": "#rail_golden" },
        "west":  { "uv": [ 4, 1, 5, 2 ], "texture": "#rail_golden" },
        "east":  { "uv": [ 4, 1, 5, 2 ], "texture": "#rail_golden" }
    }
},
{
    "__comment": "Outer ",
    "from": [ 14.5, 16, 0 ],
    "to": [ 15, 17, 23 ],
    "rotation": { "origin": [ 14.5, 17, 0 ], "axis": "x", "angle": 45 },
    "faces": {
        "down":  { "uv": [ 4, 1, 5, 2 ], "texture": "#rail_golden" },
        "up":    { "uv": [ 4, 1, 5, 2 ], "texture": "#rail_golden" },
        "north": { "uv": [ 4, 1, 5, 2 ], "texture": "#rail_golden" },
        "south": { "uv": [ 4, 1, 5, 2 ], "texture": "#rail_golden" },
        "west":  { "uv": [ 4, 1, 5, 2 ], "texture": "#rail_golden" },
        "east":  { "uv": [ 4, 1, 5, 2 ], "texture": "#rail_golden" }
    }
},
{
    "__comment": "Outer ",
    "from": [ 1, 16, -0.5 ],
    "to": [ 1.5, 17, 0 ],
    "faces": {
        "down":  { "uv": [ 4, 1, 5, 2 ], "texture": "#rail_golden" },
        "up":    { "uv": [ 4, 1, 5, 2 ], "texture": "#rail_golden" },
        "north": { "uv": [ 4, 1, 5, 2 ], "texture": "#rail_golden" },
        "south": { "uv": [ 4, 1, 5, 2 ], "texture": "#rail_golden" },
        "west":  { "uv": [ 4, 1, 5, 2 ], "texture": "#rail_golden" },
        "east":  { "uv": [ 4, 1, 5, 2 ], "texture": "#rail_golden" }
    }
},
{
    "__comment": "Outer ",
    "from": [ 14.5, 16, -0.5 ],
    "to": [ 15, 17, 0 ],
    "faces": {
        "down":  { "uv": [ 4, 1, 5, 2 ], "texture": "#rail_golden" },
        "up":    { "uv": [ 4, 1, 5, 2 ], "texture": "#rail_golden" },
        "north": { "uv": [ 4, 1, 5, 2 ], "texture": "#rail_golden" },
        "south": { "uv": [ 4, 1, 5, 2 ], "texture": "#rail_golden" },
        "west":  { "uv": [ 4, 1, 5, 2 ], "texture": "#rail_golden" },
        "east":  { "uv": [ 4, 1, 5, 2 ], "texture": "#rail_golden" }
    }
},
{
    "__comment": "Outer ",
    "from": [ 1, 0, 15.5 ],
    "to": [ 1.5, 1, 16 ],
    "faces": {
        "down":  { "uv": [ 4, 1, 5, 2 ], "texture": "#rail_golden" },
        "up":    { "uv": [ 4, 1, 5, 2 ], "texture": "#rail_golden" },
        "north": { "uv": [ 4, 1, 5, 2 ], "texture": "#rail_golden" },
        "south": { "uv": [ 4, 1, 5, 2 ], "texture": "#rail_golden" },
        "west":  { "uv": [ 4, 1, 5, 2 ], "texture": "#rail_golden" },
        "east":  { "uv": [ 4, 1, 5, 2 ], "texture": "#rail_golden" }
    }
},
{
    "__comment": "Outer ",
    "from": [ 14.5, 0, 15.5 ],
    "to": [ 15, 1, 16 ],
    "faces": {
        "down":  { "uv": [ 4, 1, 5, 2 ], "texture": "#rail_golden" },
        "up":    { "uv": [ 4, 1, 5, 2 ], "texture": "#rail_golden" },
        "north": { "uv": [ 4, 1, 5, 2 ], "texture": "#rail_golden" },
        "south": { "uv": [ 4, 1, 5, 2 ], "texture": "#rail_golden" },
        "west":  { "uv": [ 4, 1, 5, 2 ], "texture": "#rail_golden" },
        "east":  { "uv": [ 4, 1, 5, 2 ], "texture": "#rail_golden" }
    }
},
{
    "__comment": "Inner",
    "from": [ 4.5, 16, 0 ],
    "to": [ 5.5, 16.5, 22.5 ],
    "rotation": { "origin": [ 4.5, 16.5, 0 ], "axis": "x", "angle": 45 },
    "faces": {
        "down":  { "uv": [ 4, 1, 5, 2 ], "texture": "#rail_golden" },
        "up":    { "uv": [ 4, 1, 5, 2 ], "texture": "#rail_golden" },
        "north": { "uv": [ 4, 1, 5, 2 ], "texture": "#rail_golden" },
        "south": { "uv": [ 4, 1, 5, 2 ], "texture": "#rail_golden" },
        "west":  { "uv": [ 4, 1, 5, 2 ], "texture": "#rail_golden" },
        "east":  { "uv": [ 4, 1, 5, 2 ], "texture": "#rail_golden" }
    }
},
{
    "__comment": "Inner",
    "from": [ 10.5, 16, 0 ],
    "to": [ 11.5, 16.5, 22.5 ],
    "rotation": { "origin": [ 10.5, 16.5, 0 ], "axis": "x", "angle": 45 },
    "faces": {
        "down":  { "uv": [ 4, 1, 5, 2 ], "texture": "#rail_golden" },
        "up":    { "uv": [ 4, 1, 5, 2 ], "texture": "#rail_golden" },
        "north": { "uv": [ 4, 1, 5, 2 ], "texture": "#rail_golden" },
        "south": { "uv": [ 4, 1, 5, 2 ], "texture": "#rail_golden" },
        "west":  { "uv": [ 4, 1, 5, 2 ], "texture": "#rail_golden" },
        "east":  { "uv": [ 4, 1, 5, 2 ], "texture": "#rail_golden" }
    }
},
{
    "__comment": "Inner",
    "from": [ 4.5, 16, -0.5 ],
    "to": [ 5.5, 16.5, 0 ],
    "faces": {
        "down":  { "uv": [ 4, 1, 5, 2 ], "texture": "#rail_golden" },
        "up":    { "uv": [ 4, 1, 5, 2 ], "texture": "#rail_golden" },
        "north": { "uv": [ 4, 1, 5, 2 ], "texture": "#rail_golden" },
        "south": { "uv": [ 4, 1, 5, 2 ], "texture": "#rail_golden" },
        "west":  { "uv": [ 4, 1, 5, 2 ], "texture": "#rail_golden" },
        "east":  { "uv": [ 4, 1, 5, 2 ], "texture": "#rail_golden" }
    }
},
{
    "__comment": "Inner",
    "from": [ 10.5, 16, -0.5 ],
    "to": [ 11.5, 16.5, 0 ],
    "faces": {
        "down":  { "uv": [ 4, 1, 5, 2 ], "texture": "#rail_golden" },
        "up":    { "uv": [ 4, 1, 5, 2 ], "texture": "#rail_golden" },
        "north": { "uv": [ 4, 1, 5, 2 ], "texture": "#rail_golden" },
        "south": { "uv": [ 4, 1, 5, 2 ], "texture": "#rail_golden" },
        "west":  { "uv": [ 4, 1, 5, 2 ], "texture": "#rail_golden" },
        "east":  { "uv": [ 4, 1, 5, 2 ], "texture": "#rail_golden" }
    }
},
{
    "__comment": "Inner",
    "from": [ 4.5, 0, 15.5 ],
    "to": [ 5.5, 0.5, 16 ],
    "faces": {
        "down":  { "uv": [ 4, 1, 5, 2 ], "texture": "#rail_golden" },
        "up":    { "uv": [ 4, 1, 5, 2 ], "texture": "#rail_golden" },
        "north": { "uv": [ 4, 1, 5, 2 ], "texture": "#rail_golden" },
        "south": { "uv": [ 4, 1, 5, 2 ], "texture": "#rail_golden" },
        "west":  { "uv": [ 4, 1, 5, 2 ], "texture": "#rail_golden" },
        "east":  { "uv": [ 4, 1, 5, 2 ], "texture": "#rail_golden" }
    }
},
{
    "__comment": "Inner",
    "from": [ 10.5, 0, 15.5 ],
    "to": [ 11.5, 0.5, 16 ],
    "faces": {
        "down":  { "uv": [ 4, 1, 5, 2 ], "texture": "#rail_golden" },
        "up":    { "uv": [ 4, 1, 5, 2 ], "texture": "#rail_golden" },
        "north": { "uv": [ 4, 1, 5, 2 ], "texture": "#rail_golden" },
        "south": { "uv": [ 4, 1, 5, 2 ], "texture": "#rail_golden" },
        "west":  { "uv": [ 4, 1, 5, 2 ], "texture": "#rail_golden" },
        "east":  { "uv": [ 4, 1, 5, 2 ], "texture": "#rail_golden" }
    }
},
{
    "__comment": "Middle",
    "from": [ 4, 16.5, 0 ],
    "to": [ 4.5, 17.5, 22.5 ],
    "rotation": { "origin": [ 4, 17.5, 0 ], "axis": "x", "angle": 45 },
    "faces": {
        "down":  { "uv": [ 6, 0, 7, 1 ], "texture": "#rail_golden" },
        "up":    { "uv": [ 6, 0, 7, 1 ], "texture": "#rail_golden" },
        "north": { "uv": [ 4, 0, 5, 1 ], "texture": "#rail_golden" },
        "south": { "uv": [ 4, 0, 5, 1 ], "texture": "#rail_golden" },
        "west":  { "uv": [ 4, 0, 5, 1 ], "texture": "#rail_golden" },
        "east":  { "uv": [ 4, 0, 5, 1 ], "texture": "#rail_golden" }
    }
},
{
    "__comment": "Middle",
    "from": [ 11.5, 16.5, 0 ],
    "to": [ 12, 17.5, 22.5 ],
    "rotation": { "origin": [ 11.5, 17.5, 0 ], "axis": "x", "angle": 45 },
    "faces": {
        "down":  { "uv": [ 6, 0, 7, 1 ], "texture": "#rail_golden" },
        "up":    { "uv": [ 6, 0, 7, 1 ], "texture": "#rail_golden" },
        "north": { "uv": [ 4, 0, 5, 1 ], "texture": "#rail_golden" },
        "south": { "uv": [ 4, 0, 5, 1 ], "texture": "#rail_golden" },
        "west":  { "uv": [ 4, 0, 5, 1 ], "texture": "#rail_golden" },
        "east":  { "uv": [ 4, 0, 5, 1 ], "texture": "#rail_golden" }
    }
},
{
    "__comment": "Middle",
    "from": [ 4, 16.5, -0.5 ],
    "to": [ 4.5, 17.5, 0 ],
    "faces": {
        "down":  { "uv": [ 6, 0, 7, 1 ], "texture": "#rail_golden" },
        "up":    { "uv": [ 6, 0, 7, 1 ], "texture": "#rail_golden" },
        "north": { "uv": [ 4, 0, 5, 1 ], "texture": "#rail_golden" },
        "south": { "uv": [ 4, 0, 5, 1 ], "texture": "#rail_golden" },
        "west":  { "uv": [ 4, 0, 5, 1 ], "texture": "#rail_golden" },
        "east":  { "uv": [ 4, 0, 5, 1 ], "texture": "#rail_golden" }
    }
},
{
    "__comment": "Middle",
    "from": [ 11.5, 16.5, -0.5 ],
    "to": [ 12, 17.5, 0 ],
    "faces": {
        "down":  { "uv": [ 6, 0, 7, 1 ], "texture": "#rail_golden" },
        "up":    { "uv": [ 6, 0, 7, 1 ], "texture": "#rail_golden" },
        "north": { "uv": [ 4, 0, 5, 1 ], "texture": "#rail_golden" },
        "south": { "uv": [ 4, 0, 5, 1 ], "texture": "#rail_golden" },
        "west":  { "uv": [ 4, 0, 5, 1 ], "texture": "#rail_golden" },
        "east":  { "uv": [ 4, 0, 5, 1 ], "texture": "#rail_golden" }
    }
},
{
    "__comment": "Middle",
    "from": [ 4, 0.5, 15.5 ],
    "to": [ 4.5, 1.5, 16 ],
    "faces": {
        "down":  { "uv": [ 6, 0, 7, 1 ], "texture": "#rail_golden" },
        "up":    { "uv": [ 6, 0, 7, 1 ], "texture": "#rail_golden" },
        "north": { "uv": [ 4, 0, 5, 1 ], "texture": "#rail_golden" },
        "south": { "uv": [ 4, 0, 5, 1 ], "texture": "#rail_golden" },
        "west":  { "uv": [ 4, 0, 5, 1 ], "texture": "#rail_golden" },
        "east":  { "uv": [ 4, 0, 5, 1 ], "texture": "#rail_golden" }
    }
},
{
    "__comment": "Middle",
    "from": [ 11.5, 0.5, 15.5 ],
    "to": [ 12, 1.5, 16 ],
    "faces": {
        "down":  { "uv": [ 6, 0, 7, 1 ], "texture": "#rail_golden" },
        "up":    { "uv": [ 6, 0, 7, 1 ], "texture": "#rail_golden" },
        "north": { "uv": [ 4, 0, 5, 1 ], "texture": "#rail_golden" },
        "south": { "uv": [ 4, 0, 5, 1 ], "texture": "#rail_golden" },
        "west":  { "uv": [ 4, 0, 5, 1 ], "texture": "#rail_golden" },
        "east":  { "uv": [ 4, 0, 5, 1 ], "texture": "#rail_golden" }
    }
},
{
    "from": [ 7.5, 17.5, 0 ],
    "to": [ 8.5, 18.5, 23 ],
    "rotation": { "origin": [ 7.5, 18.5, 0 ], "axis": "x", "angle": 45 },
    "faces": {
        "down":  { "uv": [ 1, 16, 2, 0 ], "texture": "#rail_normal" },
        "up":    { "uv": [ 1, 0, 2, 16 ], "texture": "#rail_normal" },
        "north": { "uv": [ 1, 0, 2, 0.5 ], "texture": "#rail_normal" },
        "south": { "uv": [ 1, 16, 2, 15.5 ], "texture": "#rail_normal" },
        "west":  { "uv": [ 1, 0, 1.5, 0.5 ], "texture": "#rail_normal" },
        "east":  { "uv": [ 2, 0, 1.5, 0.5 ], "texture": "#rail_normal" }
    }
},
{
    "from": [ 7.5, 17.5, -0.5 ],
    "to": [ 8.5, 18.5, 0 ],
    "faces": {
        "down":  { "uv": [ 1, 2, 2, 0.5 ], "texture": "#rail_normal" },
        "up":    { "uv": [ 1, 0.5, 2, 2 ], "texture": "#rail_normal" },
        "north": { "uv": [ 1, 0.5, 2, 1 ], "texture": "#rail_normal" },
        "south": { "uv": [ 1, 2, 2, 1.5 ], "texture": "#rail_normal" },
        "west":  { "uv": [ 1, 0.5, 1.5, 1 ], "texture": "#rail_normal" },
        "east":  { "uv": [ 2, 0.5, 1.5, 1 ], "texture": "#rail_normal" }
    }
},
{
    "from": [ 7.5, 1.5, 15.5 ],
    "to": [ 8.5, 2.5, 16 ],
    "faces": {
        "down":  { "uv": [ 1, 5.5, 2, 5 ], "texture": "#rail_normal" },
        "up":    { "uv": [ 1, 5, 2, 5.5 ], "texture": "#rail_normal" },
        "north": { "uv": [ 1, 5, 2, 5.5 ], "texture": "#rail_normal" },
        "south": { "uv": [ 1, 5.5, 2, 5 ], "texture": "#rail_normal" },
        "west":  { "uv": [ 1, 5, 1.5, 5.5 ], "texture": "#rail_normal" },
        "east":  { "uv": [ 2, 5, 1.5, 5.5 ], "texture": "#rail_normal" }
    }
}
]
}