{
"__comment": "Designed by Nazcaos with BDcraft Cubik PRO 0.93 Beta - http://bdcraft.net",
"textures": {
    "particle": "blocks/ladder",
    "texture": "blocks/ladder",
    "ladder": "blocks/ladder"
},
"elements": [ 
{
    "from": [ 14, 0, 14 ],
    "to": [ 15, 16, 15 ],
    "faces": {
        "down":  { "uv": [ 2, 15, 1, 14 ], "texture": "#ladder" },
        "up":    { "uv": [ 14, 14, 15, 15 ], "texture": "#ladder" },
        "north": { "uv": [ 1, 0, 2, 16 ], "texture": "#ladder" },
        "south": { "uv": [ 14, 0, 15, 16 ], "texture": "#ladder" },
        "west":  { "uv": [ 14, 0, 15, 16 ], "texture": "#ladder" },
        "east":  { "uv": [ 1, 0, 2, 16 ], "texture": "#ladder" }
    }
},
{
    "from": [ 1, 0, 14 ],
    "to": [ 2, 16, 15 ],
    "faces": {
        "down":  { "uv": [ 15, 15, 14, 14 ], "texture": "#ladder" },
        "up":    { "uv": [ 1, 14, 2, 15 ], "texture": "#ladder" },
        "north": { "uv": [ 14, 0, 15, 16 ], "texture": "#ladder" },
        "south": { "uv": [ 1, 0, 2, 16 ], "texture": "#ladder" },
        "west":  { "uv": [ 14, 0, 15, 16 ], "texture": "#ladder" },
        "east":  { "uv": [ 1, 0, 2, 16 ], "texture": "#ladder" }
    }
},
{
    "from": [ 2, 0, 14 ],
    "to": [ 3, 16, 15.5 ],
    "faces": {
        "down":  { "uv": [ 14, 16, 13, 15 ], "texture": "#ladder" },
        "up":    { "uv": [ 2, 15, 3, 16 ], "texture": "#ladder" },
        "north": { "uv": [ 13, 0, 14, 1 ], "texture": "#ladder" },
        "south": { "uv": [ 2, 0, 3, 1 ], "texture": "#ladder" },
        "west":  { "uv": [ 14, 0, 15, 1 ], "texture": "#ladder" },
        "east":  { "uv": [ 1, 0, 2, 1 ], "texture": "#ladder" }
    }
},
{
    "from": [ 13, 0, 14 ],
    "to": [ 14, 16, 15.5 ],
    "faces": {
        "down":  { "uv": [ 3, 16, 2, 15 ], "texture": "#ladder" },
        "up":    { "uv": [ 13, 15, 14, 16 ], "texture": "#ladder" },
        "north": { "uv": [ 2, 0, 3, 1 ], "texture": "#ladder" },
        "south": { "uv": [ 13, 0, 14, 1 ], "texture": "#ladder" },
        "west":  { "uv": [ 14, 0, 15, 1 ], "texture": "#ladder" },
        "east":  { "uv": [ 1, 0, 2, 1 ], "texture": "#ladder" }
    }
},
{
    "from": [ 2, 13, 13.5 ],
    "to": [ 3, 15, 14.5 ],
    "faces": {
        "down":  { "uv": [ 14, 14.5, 13, 13.5 ], "texture": "#texture" },
        "up":    { "uv": [ 2, 13.5, 3, 14.5 ], "texture": "#texture" },
        "north": { "uv": [ 13, 1, 14, 3 ], "texture": "#texture" },
        "south": { "uv": [ 2, 1, 3, 3 ], "texture": "#texture" },
        "west":  { "uv": [ 13, 1, 14, 3 ], "texture": "#texture" },
        "east":  { "uv": [ 2, 1, 3, 3 ], "texture": "#texture" }
    }
},
{
    "from": [ 13, 13, 13.5 ],
    "to": [ 14, 15, 14.5 ],
    "faces": {
        "down":  { "uv": [ 3, 14.5, 2, 13.5 ], "texture": "#texture" },
        "up":    { "uv": [ 13, 13.5, 14, 14.5 ], "texture": "#texture" },
        "north": { "uv": [ 2, 1, 3, 3 ], "texture": "#texture" },
        "south": { "uv": [ 13, 1, 14, 3 ], "texture": "#texture" },
        "west":  { "uv": [ 13, 1, 14, 3 ], "texture": "#texture" },
        "east":  { "uv": [ 2, 1, 3, 3 ], "texture": "#texture" }
    }
},
{
    "from": [ 2, 9, 13.5 ],
    "to": [ 3, 11, 14.5 ],
    "faces": {
        "down":  { "uv": [ 14, 14.5, 13, 13.5 ], "texture": "#texture" },
        "up":    { "uv": [ 2, 13.5, 3, 14.5 ], "texture": "#texture" },
        "north": { "uv": [ 13, 5, 14, 7 ], "texture": "#texture" },
        "south": { "uv": [ 2, 5, 3, 7 ], "texture": "#texture" },
        "west":  { "uv": [ 13, 5, 14, 7 ], "texture": "#texture" },
        "east":  { "uv": [ 2, 5, 3, 7 ], "texture": "#texture" }
    }
},
{
    "from": [ 13, 9, 13.5 ],
    "to": [ 14, 11, 14.5 ],
    "faces": {
        "down":  { "uv": [ 3, 9.5, 2, 8.5 ], "texture": "#texture" },
        "up":    { "uv": [ 13, 8.5, 14, 9.5 ], "texture": "#texture" },
        "north": { "uv": [ 2, 5, 3, 7 ], "texture": "#texture" },
        "south": { "uv": [ 13, 5, 14, 7 ], "texture": "#texture" },
        "west":  { "uv": [ 13, 5, 14, 7 ], "texture": "#texture" },
        "east":  { "uv": [ 2, 5, 3, 7 ], "texture": "#texture" }
    }
},
{
    "from": [ 2, 5, 13.5 ],
    "to": [ 3, 7, 14.5 ],
    "faces": {
        "down":  { "uv": [ 14, 14.5, 13, 13.5 ], "texture": "#texture" },
        "up":    { "uv": [ 2, 13.5, 3, 14.5 ], "texture": "#texture" },
        "north": { "uv": [ 13, 9, 14, 11 ], "texture": "#texture" },
        "south": { "uv": [ 2, 9, 3, 11 ], "texture": "#texture" },
        "west":  { "uv": [ 13, 9, 14, 11 ], "texture": "#texture" },
        "east":  { "uv": [ 2, 9, 3, 11 ], "texture": "#texture" }
    }
},
{
    "from": [ 13, 5, 13.5 ],
    "to": [ 14, 7, 14.5 ],
    "faces": {
        "down":  { "uv": [ 3, 14.5, 2, 13.5 ], "texture": "#texture" },
        "up":    { "uv": [ 13, 13.5, 14, 14.5 ], "texture": "#texture" },
        "north": { "uv": [ 2, 9, 3, 11 ], "texture": "#texture" },
        "south": { "uv": [ 13, 9, 14, 11 ], "texture": "#texture" },
        "west":  { "uv": [ 13, 9, 14, 11 ], "texture": "#texture" },
        "east":  { "uv": [ 2, 9, 3, 11 ], "texture": "#texture" }
    }
},
{
    "from": [ 2, 1, 13.5 ],
    "to": [ 3, 3, 14.5 ],
    "faces": {
        "down":  { "uv": [ 14, 14.5, 13, 13.5 ], "texture": "#texture" },
        "up":    { "uv": [ 2, 13.5, 3, 14.5 ], "texture": "#texture" },
        "north": { "uv": [ 13, 13, 14, 15 ], "texture": "#texture" },
        "south": { "uv": [ 2, 13, 3, 15 ], "texture": "#texture" },
        "west":  { "uv": [ 13, 13, 14, 15 ], "texture": "#texture" },
        "east":  { "uv": [ 2, 13, 3, 15 ], "texture": "#texture" }
    }
},
{
    "from": [ 13, 1, 13.5 ],
    "to": [ 14, 3, 14.5 ],
    "faces": {
        "down":  { "uv": [ 3, 14.5, 2, 13.5 ], "texture": "#texture" },
        "up":    { "uv": [ 13, 13.5, 14, 14.5 ], "texture": "#texture" },
        "north": { "uv": [ 2, 13, 3, 15 ], "texture": "#texture" },
        "south": { "uv": [ 13, 13, 14, 15 ], "texture": "#texture" },
        "west":  { "uv": [ 13, 13, 14, 15 ], "texture": "#texture" },
        "east":  { "uv": [ 2, 13, 3, 15 ], "texture": "#texture" }
    }
},
{
    "from": [ 3, 1, 14.5 ],
    "to": [ 13, 2, 15 ],
    "faces": {
        "down":  { "uv": [ 13, 15, 3, 14.5 ], "texture": "#texture" },
        "up":    { "uv": [ 3, 14.5, 13, 15 ], "texture": "#texture" },
        "north": { "uv": [ 3, 14, 13, 15 ], "texture": "#texture" },
        "south": { "uv": [ 3, 14, 13, 15 ], "texture": "#texture" },
        "west":  { "uv": [ 12.5, 14, 13, 15 ], "texture": "#texture" },
        "east":  { "uv": [ 3, 14, 3.5, 15 ], "texture": "#texture" }
    }
},
{
    "from": [ 3, 5, 14.5 ],
    "to": [ 13, 6, 15 ],
    "faces": {
        "down":  { "uv": [ 13, 15, 3, 14.5 ], "texture": "#texture" },
        "up":    { "uv": [ 3, 14.5, 13, 15 ], "texture": "#texture" },
        "north": { "uv": [ 3, 10, 13, 11 ], "texture": "#texture" },
        "south": { "uv": [ 3, 10, 13, 11 ], "texture": "#texture" },
        "west":  { "uv": [ 13.5, 10, 14, 11 ], "texture": "#texture" },
        "east":  { "uv": [ 2, 10, 2.5, 11 ], "texture": "#texture" }
    }
},
{
    "from": [ 3, 9, 14.5 ],
    "to": [ 13, 10, 15 ],
    "faces": {
        "down":  { "uv": [ 13, 15, 3, 14.5 ], "texture": "#texture" },
        "up":    { "uv": [ 3, 14.5, 13, 15 ], "texture": "#texture" },
        "north": { "uv": [ 3, 6, 13, 7 ], "texture": "#texture" },
        "south": { "uv": [ 3, 6, 13, 7 ], "texture": "#texture" },
        "west":  { "uv": [ 13.5, 6, 14, 7 ], "texture": "#texture" },
        "east":  { "uv": [ 3, 6, 3.5, 7 ], "texture": "#texture" }
    }
},
{
    "from": [ 3, 13, 14.5 ],
    "to": [ 13, 14, 15 ],
    "faces": {
        "down":  { "uv": [ 13, 15, 3, 14.5 ], "texture": "#texture" },
        "up":    { "uv": [ 3, 14.5, 13, 15 ], "texture": "#texture" },
        "north": { "uv": [ 3, 2, 13, 3 ], "texture": "#texture" },
        "south": { "uv": [ 3, 2, 13, 3 ], "texture": "#texture" },
        "west":  { "uv": [ 13.5, 2, 14, 3 ], "texture": "#texture" },
        "east":  { "uv": [ 2.5, 2, 3, 3 ], "texture": "#texture" }
    }
},
{
    "from": [ 3, 14, 14 ],
    "to": [ 13, 15, 15 ],
    "faces": {
        "down":  { "uv": [ 13, 15, 3, 14 ], "texture": "#texture" },
        "up":    { "uv": [ 3, 14, 13, 15 ], "texture": "#texture" },
        "north": { "uv": [ 3, 1, 13, 2 ], "texture": "#texture" },
        "south": { "uv": [ 3, 1, 13, 2 ], "texture": "#texture" },
        "west":  { "uv": [ 13, 1, 14, 2 ], "texture": "#texture" },
        "east":  { "uv": [ 2, 1, 3, 2 ], "texture": "#texture" }
    }
},
{
    "from": [ 3, 10, 14 ],
    "to": [ 13, 11, 15 ],
    "faces": {
        "down":  { "uv": [ 13, 15, 3, 14 ], "texture": "#texture" },
        "up":    { "uv": [ 3, 14, 13, 15 ], "texture": "#texture" },
        "north": { "uv": [ 3, 5, 13, 6 ], "texture": "#texture" },
        "south": { "uv": [ 3, 5, 13, 6 ], "texture": "#texture" },
        "west":  { "uv": [ 13, 5, 14, 6 ], "texture": "#texture" },
        "east":  { "uv": [ 2, 5, 3, 6 ], "texture": "#texture" }
    }
},
{
    "from": [ 3, 6, 14 ],
    "to": [ 13, 7, 15 ],
    "faces": {
        "down":  { "uv": [ 13, 15, 3, 14 ], "texture": "#texture" },
        "up":    { "uv": [ 3, 14, 13, 15 ], "texture": "#texture" },
        "north": { "uv": [ 3, 9, 13, 10 ], "texture": "#texture" },
        "south": { "uv": [ 3, 9, 13, 10 ], "texture": "#texture" },
        "west":  { "uv": [ 13, 9, 14, 10 ], "texture": "#texture" },
        "east":  { "uv": [ 2, 9, 3, 10 ], "texture": "#texture" }
    }
},
{
    "from": [ 3, 2, 14 ],
    "to": [ 13, 3, 15 ],
    "faces": {
        "down":  { "uv": [ 13, 15, 3, 14 ], "texture": "#texture" },
        "up":    { "uv": [ 3, 14, 13, 15 ], "texture": "#texture" },
        "north": { "uv": [ 3, 13, 13, 14 ], "texture": "#texture" },
        "south": { "uv": [ 3, 13, 13, 14 ], "texture": "#texture" },
        "west":  { "uv": [ 13, 13, 14, 14 ], "texture": "#texture" },
        "east":  { "uv": [ 2, 13, 3, 14 ], "texture": "#texture" }
    }
}
]
}