{
"__comment": "Designed by Nazcaos for Project Nazca Server",
"textures": {
    "particle": "blocks/rail_normal",
    "stone_slab_top": "blocks/rail_normal"
},
"elements": [ 
{
    "from": [ 2, 0.5, 12 ],
    "to": [ 4, 1, 16 ],
    "faces": {
        "down":  { "uv": [ 12, 2, 14, 3 ], "texture": "#stone_slab_top" },
        "up":    { "uv": [ 12, 2, 14, 3 ], "texture": "#stone_slab_top" },
        "north": { "uv": [ 2, 15, 4, 15.5 ], "texture": "#stone_slab_top" },
        "south": { "uv": [ 2, 15, 4, 15.5 ], "texture": "#stone_slab_top" },
        "west":  { "uv": [ 2, 15, 4, 15.5 ], "texture": "#stone_slab_top" },
        "east":  { "uv": [ 12, 15, 14, 15.5 ], "texture": "#stone_slab_top" }
    }
},
{
    "from": [ 12, 0.5, 2 ],
    "to": [ 16, 1, 4 ],
    "faces": {
        "down":  { "uv": [ 12, 2, 14, 3 ], "texture": "#stone_slab_top" },
        "up":    { "uv": [ 12, 2, 14, 3 ], "texture": "#stone_slab_top" },
        "north": { "uv": [ 2, 15, 4, 15.5 ], "texture": "#stone_slab_top" },
        "south": { "uv": [ 2, 15, 4, 15.5 ], "texture": "#stone_slab_top" },
        "west":  { "uv": [ 2, 15, 4, 15.5 ], "texture": "#stone_slab_top" },
        "east":  { "uv": [ 12, 15, 14, 15.5 ], "texture": "#stone_slab_top" }
    }
},
{
    "from": [ 3.5625, 0.5, 8.5 ],
    "to": [ 5.5625, 1, 12.5 ],
    "rotation": { "origin": [ 3.5625, 0.5, 8.5 ], "axis": "y", "angle": -22.5 },
    "faces": {
        "down":  { "uv": [ 12, 2, 14, 3 ], "texture": "#stone_slab_top" },
        "up":    { "uv": [ 12, 2, 14, 3 ], "texture": "#stone_slab_top" },
        "north": { "uv": [ 2, 15, 4, 15.5 ], "texture": "#stone_slab_top" },
        "south": { "uv": [ 2, 15, 4, 15.5 ], "texture": "#stone_slab_top" },
        "west":  { "uv": [ 2, 15, 4, 15.5 ], "texture": "#stone_slab_top" },
        "east":  { "uv": [ 12, 15, 14, 15.5 ], "texture": "#stone_slab_top" }
    }
},
{
    "from": [ 8, 0.5, 3.8125 ],
    "to": [ 12.5, 1, 5.8125 ],
    "rotation": { "origin": [ 8, 0.5, 3.8125 ], "axis": "y", "angle": 22.5 },
    "faces": {
        "down":  { "uv": [ 12, 2, 14, 3 ], "texture": "#stone_slab_top" },
        "up":    { "uv": [ 12, 2, 14, 3 ], "texture": "#stone_slab_top" },
        "north": { "uv": [ 2, 15, 4, 15.5 ], "texture": "#stone_slab_top" },
        "south": { "uv": [ 2, 15, 4, 15.5 ], "texture": "#stone_slab_top" },
        "west":  { "uv": [ 2, 15, 4, 15.5 ], "texture": "#stone_slab_top" },
        "east":  { "uv": [ 12, 15, 14, 15.5 ], "texture": "#stone_slab_top" }
    }
},
{
    "from": [ 8, 0.5, 4 ],
    "to": [ 10, 1, 10.5 ],
    "rotation": { "origin": [ 8, 0.5, 4 ], "axis": "y", "angle": -45 },
    "faces": {
        "down":  { "uv": [ 12, 2, 14, 3 ], "texture": "#stone_slab_top" },
        "up":    { "uv": [ 12, 2, 14, 3 ], "texture": "#stone_slab_top" },
        "north": { "uv": [ 2, 15, 4, 15.5 ], "texture": "#stone_slab_top" },
        "south": { "uv": [ 2, 15, 4, 15.5 ], "texture": "#stone_slab_top" },
        "west":  { "uv": [ 2, 15, 4, 15.5 ], "texture": "#stone_slab_top" },
        "east":  { "uv": [ 12, 15, 14, 15.5 ], "texture": "#stone_slab_top" }
    }
},
{
    "from": [ 12, 0.5, 14 ],
    "to": [ 14, 1, 16 ],
    "faces": {
        "down":  { "uv": [ 12, 2, 14, 3 ], "texture": "#stone_slab_top" },
        "up":    { "uv": [ 12, 2, 14, 3 ], "texture": "#stone_slab_top" },
        "north": { "uv": [ 2, 15, 4, 15.5 ], "texture": "#stone_slab_top" },
        "south": { "uv": [ 2, 15, 4, 15.5 ], "texture": "#stone_slab_top" },
        "west":  { "uv": [ 2, 15, 4, 15.5 ], "texture": "#stone_slab_top" },
        "east":  { "uv": [ 12, 15, 14, 15.5 ], "texture": "#stone_slab_top" }
    }
},
{
    "from": [ 14, 0.5, 12 ],
    "to": [ 16, 1, 14 ],
    "faces": {
        "down":  { "uv": [ 12, 2, 14, 3 ], "texture": "#stone_slab_top" },
        "up":    { "uv": [ 12, 2, 14, 3 ], "texture": "#stone_slab_top" },
        "north": { "uv": [ 2, 15, 4, 15.5 ], "texture": "#stone_slab_top" },
        "south": { "uv": [ 2, 15, 4, 15.5 ], "texture": "#stone_slab_top" },
        "west":  { "uv": [ 2, 15, 4, 15.5 ], "texture": "#stone_slab_top" },
        "east":  { "uv": [ 12, 15, 14, 15.5 ], "texture": "#stone_slab_top" }
    }
},
{
    "from": [ 12.4375, 0.5, 13.0625 ],
    "to": [ 14.4375, 1, 14.0625 ],
    "rotation": { "origin": [ 12.4375, 0.5, 13.0625 ], "axis": "y", "angle": -22.5 },
    "faces": {
        "down":  { "uv": [ 12, 2, 14, 3 ], "texture": "#stone_slab_top" },
        "up":    { "uv": [ 12, 2, 14, 3 ], "texture": "#stone_slab_top" },
        "north": { "uv": [ 2, 15, 4, 15.5 ], "texture": "#stone_slab_top" },
        "south": { "uv": [ 2, 15, 4, 15.5 ], "texture": "#stone_slab_top" },
        "west":  { "uv": [ 2, 15, 4, 15.5 ], "texture": "#stone_slab_top" },
        "east":  { "uv": [ 12, 15, 14, 15.5 ], "texture": "#stone_slab_top" }
    }
},
{
    "from": [ 13.125, 0.5, 12.375 ],
    "to": [ 15.125, 1, 13.375 ],
    "rotation": { "origin": [ 13.125, 0.5, 12.375 ], "axis": "y", "angle": -45 },
    "faces": {
        "down":  { "uv": [ 12, 2, 14, 3 ], "texture": "#stone_slab_top" },
        "up":    { "uv": [ 12, 2, 14, 3 ], "texture": "#stone_slab_top" },
        "north": { "uv": [ 2, 15, 4, 15.5 ], "texture": "#stone_slab_top" },
        "south": { "uv": [ 2, 15, 4, 15.5 ], "texture": "#stone_slab_top" },
        "west":  { "uv": [ 2, 15, 4, 15.5 ], "texture": "#stone_slab_top" },
        "east":  { "uv": [ 12, 15, 14, 15.5 ], "texture": "#stone_slab_top" }
    }
},
{
    "from": [ 13.125, 0.5, 12.3125 ],
    "to": [ 14.125, 1, 14.3125 ],
    "rotation": { "origin": [ 13.125, 0.5, 12.3125 ], "axis": "y", "angle": 22.5 },
    "faces": {
        "down":  { "uv": [ 12, 2, 14, 3 ], "texture": "#stone_slab_top" },
        "up":    { "uv": [ 12, 2, 14, 3 ], "texture": "#stone_slab_top" },
        "north": { "uv": [ 2, 15, 4, 15.5 ], "texture": "#stone_slab_top" },
        "south": { "uv": [ 2, 15, 4, 15.5 ], "texture": "#stone_slab_top" },
        "west":  { "uv": [ 2, 15, 4, 15.5 ], "texture": "#stone_slab_top" },
        "east":  { "uv": [ 12, 15, 14, 15.5 ], "texture": "#stone_slab_top" }
    }
},
{
    "__comment": "Middle",
    "from": [ 2.5, 1, 12 ],
    "to": [ 3, 2, 16 ],
    "faces": {
        "down":  { "uv": [ 13, 16, 12.5, 12 ], "texture": "#stone_slab_top" },
        "up":    { "uv": [ 3, 12, 3.5, 16 ], "texture": "#stone_slab_top" },
        "north": { "uv": [ 12.5, 13.5, 13, 14.5 ], "texture": "#stone_slab_top" },
        "south": { "uv": [ 3, 14, 3.5, 15 ], "texture": "#stone_slab_top" },
        "west":  { "uv": [ 12, 14, 13, 15 ], "texture": "#stone_slab_top" },
        "east":  { "uv": [ 3, 13.5, 4, 14.5 ], "texture": "#stone_slab_top" }
    }
},
{
    "__comment": "Middle",
    "from": [ 13, 1, 14.5 ],
    "to": [ 13.5, 2, 16 ],
    "faces": {
        "down":  { "uv": [ 13, 16, 12.5, 12 ], "texture": "#stone_slab_top" },
        "up":    { "uv": [ 3, 12, 3.5, 16 ], "texture": "#stone_slab_top" },
        "north": { "uv": [ 12.5, 13.5, 13, 14.5 ], "texture": "#stone_slab_top" },
        "south": { "uv": [ 3, 14, 3.5, 15 ], "texture": "#stone_slab_top" },
        "west":  { "uv": [ 12, 14, 13, 15 ], "texture": "#stone_slab_top" },
        "east":  { "uv": [ 3, 13.5, 4, 14.5 ], "texture": "#stone_slab_top" }
    }
},
{
    "__comment": "Middle",
    "from": [ 12, 1, 2.5 ],
    "to": [ 16, 2, 3 ],
    "faces": {
        "down":  { "uv": [ 13, 16, 12.5, 12 ], "texture": "#stone_slab_top" },
        "up":    { "uv": [ 3, 12, 3.5, 16 ], "texture": "#stone_slab_top" },
        "north": { "uv": [ 12.5, 13.5, 13, 14.5 ], "texture": "#stone_slab_top" },
        "south": { "uv": [ 3, 14, 3.5, 15 ], "texture": "#stone_slab_top" },
        "west":  { "uv": [ 12, 14, 13, 15 ], "texture": "#stone_slab_top" },
        "east":  { "uv": [ 3, 13.5, 4, 14.5 ], "texture": "#stone_slab_top" }
    }
},
{
    "__comment": "Middle",
    "from": [ 14.5, 1, 13 ],
    "to": [ 16, 2, 13.5 ],
    "faces": {
        "down":  { "uv": [ 13, 16, 12.5, 12 ], "texture": "#stone_slab_top" },
        "up":    { "uv": [ 3, 12, 3.5, 16 ], "texture": "#stone_slab_top" },
        "north": { "uv": [ 12.5, 13.5, 13, 14.5 ], "texture": "#stone_slab_top" },
        "south": { "uv": [ 3, 14, 3.5, 15 ], "texture": "#stone_slab_top" },
        "west":  { "uv": [ 12, 14, 13, 15 ], "texture": "#stone_slab_top" },
        "east":  { "uv": [ 3, 13.5, 4, 14.5 ], "texture": "#stone_slab_top" }
    }
},
{
    "__comment": "Middle",
    "from": [ 8.1875, 1, 4.25 ],
    "to": [ 12.6875, 2, 4.75 ],
    "rotation": { "origin": [ 8.1875, 1, 4.25 ], "axis": "y", "angle": 22.5 },
    "faces": {
        "down":  { "uv": [ 13, 16, 12.5, 12 ], "texture": "#stone_slab_top" },
        "up":    { "uv": [ 3, 12, 3.5, 16 ], "texture": "#stone_slab_top" },
        "north": { "uv": [ 12.5, 13.5, 13, 14.5 ], "texture": "#stone_slab_top" },
        "south": { "uv": [ 3, 14, 3.5, 15 ], "texture": "#stone_slab_top" },
        "west":  { "uv": [ 12, 14, 13, 15 ], "texture": "#stone_slab_top" },
        "east":  { "uv": [ 3, 13.5, 4, 14.5 ], "texture": "#stone_slab_top" }
    }
},
{
    "__comment": "Middle",
    "from": [ 8.3125, 1, 4.3125 ],
    "to": [ 8.8125, 2, 10.8125 ],
    "rotation": { "origin": [ 8.3125, 1, 4.3125 ], "axis": "y", "angle": -45 },
    "faces": {
        "down":  { "uv": [ 13, 16, 12.5, 12 ], "texture": "#stone_slab_top" },
        "up":    { "uv": [ 3, 12, 3.5, 16 ], "texture": "#stone_slab_top" },
        "north": { "uv": [ 12.5, 13.5, 13, 14.5 ], "texture": "#stone_slab_top" },
        "south": { "uv": [ 3, 14, 3.5, 15 ], "texture": "#stone_slab_top" },
        "west":  { "uv": [ 12, 14, 13, 15 ], "texture": "#stone_slab_top" },
        "east":  { "uv": [ 3, 13.5, 4, 14.5 ], "texture": "#stone_slab_top" }
    }
},
{
    "__comment": "Middle",
    "from": [ 3.9375, 1, 8.8125 ],
    "to": [ 4.4375, 2, 12.8125 ],
    "rotation": { "origin": [ 3.9375, 1, 8.8125 ], "axis": "y", "angle": -22.5 },
    "faces": {
        "down":  { "uv": [ 13, 16, 12.5, 12 ], "texture": "#stone_slab_top" },
        "up":    { "uv": [ 3, 12, 3.5, 16 ], "texture": "#stone_slab_top" },
        "north": { "uv": [ 12.5, 13.5, 13, 14.5 ], "texture": "#stone_slab_top" },
        "south": { "uv": [ 3, 14, 3.5, 15 ], "texture": "#stone_slab_top" },
        "west":  { "uv": [ 12, 14, 13, 15 ], "texture": "#stone_slab_top" },
        "east":  { "uv": [ 3, 13.5, 4, 14.5 ], "texture": "#stone_slab_top" }
    }
},
{
    "__comment": "Middle",
    "from": [ 13.5625, 1, 13.375 ],
    "to": [ 14.5625, 2, 13.875 ],
    "faces": {
        "down":  { "uv": [ 13, 16, 12.5, 12 ], "texture": "#stone_slab_top" },
        "up":    { "uv": [ 3, 12, 3.5, 16 ], "texture": "#stone_slab_top" },
        "north": { "uv": [ 12.5, 13.5, 13, 14.5 ], "texture": "#stone_slab_top" },
        "south": { "uv": [ 3, 14, 3.5, 15 ], "texture": "#stone_slab_top" },
        "west":  { "uv": [ 12, 14, 13, 15 ], "texture": "#stone_slab_top" },
        "east":  { "uv": [ 3, 13.5, 4, 14.5 ], "texture": "#stone_slab_top" }
    }
},
{
    "__comment": "Middle",
    "from": [ 13.375, 1, 13.4375 ],
    "to": [ 13.875, 2, 14.4375 ],
    "faces": {
        "down":  { "uv": [ 13, 16, 12.5, 12 ], "texture": "#stone_slab_top" },
        "up":    { "uv": [ 3, 12, 3.5, 16 ], "texture": "#stone_slab_top" },
        "north": { "uv": [ 12.5, 13.5, 13, 14.5 ], "texture": "#stone_slab_top" },
        "south": { "uv": [ 3, 14, 3.5, 15 ], "texture": "#stone_slab_top" },
        "west":  { "uv": [ 12, 14, 13, 15 ], "texture": "#stone_slab_top" },
        "east":  { "uv": [ 3, 13.5, 4, 14.5 ], "texture": "#stone_slab_top" }
    }
},
{
    "__comment": "Top",
    "from": [ 2, 2, 12 ],
    "to": [ 3.5, 3, 16 ],
    "faces": {
        "down":  { "uv": [ 2, 12, 3, 16 ], "texture": "#stone_slab_top" },
        "up":    { "uv": [ 2, 12, 3, 16 ], "texture": "#stone_slab_top" },
        "north": { "uv": [ 13, 13, 14, 14 ], "texture": "#stone_slab_top" },
        "south": { "uv": [ 13, 13, 14, 14 ], "texture": "#stone_slab_top" },
        "west":  { "uv": [ 13, 13, 14, 14 ], "texture": "#stone_slab_top" },
        "east":  { "uv": [ 13, 13, 14, 14 ], "texture": "#stone_slab_top" }
    }
},
{
    "__comment": "Top",
    "from": [ 3.5625, 2, 8.375 ],
    "to": [ 5.0625, 3, 12.375 ],
    "rotation": { "origin": [ 3.5625, 2, 8.375 ], "axis": "y", "angle": -22.5 },
    "faces": {
        "down":  { "uv": [ 2, 12, 3, 16 ], "texture": "#stone_slab_top" },
        "up":    { "uv": [ 2, 12, 3, 16 ], "texture": "#stone_slab_top" },
        "north": { "uv": [ 13, 13, 14, 14 ], "texture": "#stone_slab_top" },
        "south": { "uv": [ 13, 13, 14, 14 ], "texture": "#stone_slab_top" },
        "west":  { "uv": [ 13, 13, 14, 14 ], "texture": "#stone_slab_top" },
        "east":  { "uv": [ 13, 13, 14, 14 ], "texture": "#stone_slab_top" }
    }
},
{
    "__comment": "Top",
    "from": [ 8, 2, 4 ],
    "to": [ 9.5, 3, 10.5 ],
    "rotation": { "origin": [ 8, 2, 4 ], "axis": "y", "angle": -45 },
    "faces": {
        "down":  { "uv": [ 2, 12, 3, 16 ], "texture": "#stone_slab_top" },
        "up":    { "uv": [ 2, 12, 3, 16 ], "texture": "#stone_slab_top" },
        "north": { "uv": [ 13, 13, 14, 14 ], "texture": "#stone_slab_top" },
        "south": { "uv": [ 13, 13, 14, 14 ], "texture": "#stone_slab_top" },
        "west":  { "uv": [ 13, 13, 14, 14 ], "texture": "#stone_slab_top" },
        "east":  { "uv": [ 13, 13, 14, 14 ], "texture": "#stone_slab_top" }
    }
},
{
    "__comment": "Top",
    "from": [ 12.5, 2, 2 ],
    "to": [ 16, 3, 3.5 ],
    "faces": {
        "down":  { "uv": [ 2, 12, 3, 16 ], "texture": "#stone_slab_top" },
        "up":    { "uv": [ 2, 12, 3, 16 ], "texture": "#stone_slab_top" },
        "north": { "uv": [ 13, 13, 14, 14 ], "texture": "#stone_slab_top" },
        "south": { "uv": [ 13, 13, 14, 14 ], "texture": "#stone_slab_top" },
        "west":  { "uv": [ 13, 13, 14, 14 ], "texture": "#stone_slab_top" },
        "east":  { "uv": [ 13, 13, 14, 14 ], "texture": "#stone_slab_top" }
    }
},
{
    "__comment": "Top",
    "from": [ 8, 2, 3.9375 ],
    "to": [ 13, 3, 5.4375 ],
    "rotation": { "origin": [ 8, 2, 3.9375 ], "axis": "y", "angle": 22.5 },
    "faces": {
        "down":  { "uv": [ 2, 12, 3, 16 ], "texture": "#stone_slab_top" },
        "up":    { "uv": [ 2, 12, 3, 16 ], "texture": "#stone_slab_top" },
        "north": { "uv": [ 13, 13, 14, 14 ], "texture": "#stone_slab_top" },
        "south": { "uv": [ 13, 13, 14, 14 ], "texture": "#stone_slab_top" },
        "west":  { "uv": [ 13, 13, 14, 14 ], "texture": "#stone_slab_top" },
        "east":  { "uv": [ 13, 13, 14, 14 ], "texture": "#stone_slab_top" }
    }
},
{
    "__comment": "Top",
    "from": [ 12.5, 2, 14 ],
    "to": [ 14, 3, 16 ],
    "faces": {
        "down":  { "uv": [ 2, 12, 3, 16 ], "texture": "#stone_slab_top" },
        "up":    { "uv": [ 2, 12, 3, 16 ], "texture": "#stone_slab_top" },
        "north": { "uv": [ 13, 13, 14, 14 ], "texture": "#stone_slab_top" },
        "south": { "uv": [ 13, 13, 14, 14 ], "texture": "#stone_slab_top" },
        "west":  { "uv": [ 13, 13, 14, 14 ], "texture": "#stone_slab_top" },
        "east":  { "uv": [ 13, 13, 14, 14 ], "texture": "#stone_slab_top" }
    }
},
{
    "__comment": "Top",
    "from": [ 14, 2, 12.5 ],
    "to": [ 16, 3, 14 ],
    "faces": {
        "down":  { "uv": [ 2, 12, 3, 16 ], "texture": "#stone_slab_top" },
        "up":    { "uv": [ 2, 12, 3, 16 ], "texture": "#stone_slab_top" },
        "north": { "uv": [ 13, 13, 14, 14 ], "texture": "#stone_slab_top" },
        "south": { "uv": [ 13, 13, 14, 14 ], "texture": "#stone_slab_top" },
        "west":  { "uv": [ 13, 13, 14, 14 ], "texture": "#stone_slab_top" },
        "east":  { "uv": [ 13, 13, 14, 14 ], "texture": "#stone_slab_top" }
    }
},
{
    "__comment": "Top",
    "from": [ 12.9375, 2, 13.1875 ],
    "to": [ 14.4375, 3, 14.1875 ],
    "rotation": { "origin": [ 12.9375, 2, 13.1875 ], "axis": "y", "angle": -22.5 },
    "faces": {
        "down":  { "uv": [ 2, 12, 3, 16 ], "texture": "#stone_slab_top" },
        "up":    { "uv": [ 2, 12, 3, 16 ], "texture": "#stone_slab_top" },
        "north": { "uv": [ 13, 13, 14, 14 ], "texture": "#stone_slab_top" },
        "south": { "uv": [ 13, 13, 14, 14 ], "texture": "#stone_slab_top" },
        "west":  { "uv": [ 13, 13, 14, 14 ], "texture": "#stone_slab_top" },
        "east":  { "uv": [ 13, 13, 14, 14 ], "texture": "#stone_slab_top" }
    }
},
{
    "__comment": "Top",
    "from": [ 13.125, 2, 12.875 ],
    "to": [ 14.125, 3, 14.375 ],
    "rotation": { "origin": [ 13.125, 2, 12.875 ], "axis": "y", "angle": 22.5 },
    "faces": {
        "down":  { "uv": [ 2, 12, 3, 16 ], "texture": "#stone_slab_top" },
        "up":    { "uv": [ 2, 12, 3, 16 ], "texture": "#stone_slab_top" },
        "north": { "uv": [ 13, 13, 14, 14 ], "texture": "#stone_slab_top" },
        "south": { "uv": [ 13, 13, 14, 14 ], "texture": "#stone_slab_top" },
        "west":  { "uv": [ 13, 13, 14, 14 ], "texture": "#stone_slab_top" },
        "east":  { "uv": [ 13, 13, 14, 14 ], "texture": "#stone_slab_top" }
    }
},
{
    "__comment": "Top",
    "from": [ 13.4375, 2, 12.8125 ],
    "to": [ 14.9375, 3, 13.8125 ],
    "rotation": { "origin": [ 13.4375, 2, 12.8125 ], "axis": "y", "angle": -45 },
    "faces": {
        "down":  { "uv": [ 2, 12, 3, 16 ], "texture": "#stone_slab_top" },
        "up":    { "uv": [ 2, 12, 3, 16 ], "texture": "#stone_slab_top" },
        "north": { "uv": [ 13, 13, 14, 14 ], "texture": "#stone_slab_top" },
        "south": { "uv": [ 13, 13, 14, 14 ], "texture": "#stone_slab_top" },
        "west":  { "uv": [ 13, 13, 14, 14 ], "texture": "#stone_slab_top" },
        "east":  { "uv": [ 13, 13, 14, 14 ], "texture": "#stone_slab_top" }
    }
},
{
    "__comment": "Base",
    "from": [ 1.5, 0, 14 ],
    "to": [ 4.5, 0.5, 15 ],
    "faces": {
        "down":  { "uv": [ 4, 14, 5, 15 ], "texture": "#stone_slab_top" },
        "up":    { "uv": [ 4, 14, 5, 15 ], "texture": "#stone_slab_top" },
        "north": { "uv": [ 11, 14, 12, 14.5 ], "texture": "#stone_slab_top" },
        "south": { "uv": [ 11, 14, 12, 14.5 ], "texture": "#stone_slab_top" },
        "west":  { "uv": [ 11, 14, 12, 14.5 ], "texture": "#stone_slab_top" },
        "east":  { "uv": [ 11, 14, 12, 14.5 ], "texture": "#stone_slab_top" }
    }
},
{
    "__comment": "Base",
    "from": [ 13, 0, 1.5 ],
    "to": [ 14, 0.5, 4.5 ],
    "faces": {
        "down":  { "uv": [ 4, 14, 5, 15 ], "texture": "#stone_slab_top" },
        "up":    { "uv": [ 4, 14, 5, 15 ], "texture": "#stone_slab_top" },
        "north": { "uv": [ 11, 14, 12, 14.5 ], "texture": "#stone_slab_top" },
        "south": { "uv": [ 11, 14, 12, 14.5 ], "texture": "#stone_slab_top" },
        "west":  { "uv": [ 11, 14, 12, 14.5 ], "texture": "#stone_slab_top" },
        "east":  { "uv": [ 11, 14, 12, 14.5 ], "texture": "#stone_slab_top" }
    }
},
{
    "__comment": "Base",
    "from": [ 11.5, 0, 14 ],
    "to": [ 14.5, 0.5, 15 ],
    "faces": {
        "down":  { "uv": [ 4, 14, 5, 15 ], "texture": "#stone_slab_top" },
        "up":    { "uv": [ 4, 14, 5, 15 ], "texture": "#stone_slab_top" },
        "north": { "uv": [ 11, 14, 12, 14.5 ], "texture": "#stone_slab_top" },
        "south": { "uv": [ 11, 14, 12, 14.5 ], "texture": "#stone_slab_top" },
        "west":  { "uv": [ 11, 14, 12, 14.5 ], "texture": "#stone_slab_top" },
        "east":  { "uv": [ 11, 14, 12, 14.5 ], "texture": "#stone_slab_top" }
    }
},
{
    "__comment": "Base",
    "from": [ 13, 0, 11.5 ],
    "to": [ 14, 0.5, 15 ],
    "faces": {
        "down":  { "uv": [ 4, 14, 5, 15 ], "texture": "#stone_slab_top" },
        "up":    { "uv": [ 4, 14, 5, 15 ], "texture": "#stone_slab_top" },
        "north": { "uv": [ 11, 14, 12, 14.5 ], "texture": "#stone_slab_top" },
        "south": { "uv": [ 11, 14, 12, 14.5 ], "texture": "#stone_slab_top" },
        "west":  { "uv": [ 11, 14, 12, 14.5 ], "texture": "#stone_slab_top" },
        "east":  { "uv": [ 11, 14, 12, 14.5 ], "texture": "#stone_slab_top" }
    }
},
{
    "__comment": "Base",
    "from": [ 1.5, 0, 13 ],
    "to": [ 4.5, 0.5, 14 ],
    "faces": {
        "down":  { "uv": [ 12, 14, 11, 13 ], "texture": "#stone_slab_top" },
        "up":    { "uv": [ 4, 13, 5, 14 ], "texture": "#stone_slab_top" },
        "north": { "uv": [ 4, 13, 5, 13.5 ], "texture": "#stone_slab_top" },
        "south": { "uv": [ 4, 13, 5, 13.5 ], "texture": "#stone_slab_top" },
        "west":  { "uv": [ 11, 13.5, 12, 14 ], "texture": "#stone_slab_top" },
        "east":  { "uv": [ 11, 13.5, 12, 14 ], "texture": "#stone_slab_top" }
    }
},
{
    "__comment": "Base",
    "from": [ 14, 0, 1.5 ],
    "to": [ 15, 0.5, 4.5 ],
    "faces": {
        "down":  { "uv": [ 12, 14, 11, 13 ], "texture": "#stone_slab_top" },
        "up":    { "uv": [ 4, 13, 5, 14 ], "texture": "#stone_slab_top" },
        "north": { "uv": [ 4, 13, 5, 13.5 ], "texture": "#stone_slab_top" },
        "south": { "uv": [ 4, 13, 5, 13.5 ], "texture": "#stone_slab_top" },
        "west":  { "uv": [ 11, 13.5, 12, 14 ], "texture": "#stone_slab_top" },
        "east":  { "uv": [ 11, 13.5, 12, 14 ], "texture": "#stone_slab_top" }
    }
},
{
    "__comment": "Base",
    "from": [ 11.5, 0, 13 ],
    "to": [ 14.5, 0.5, 14 ],
    "faces": {
        "down":  { "uv": [ 12, 14, 11, 13 ], "texture": "#stone_slab_top" },
        "up":    { "uv": [ 4, 13, 5, 14 ], "texture": "#stone_slab_top" },
        "north": { "uv": [ 4, 13, 5, 13.5 ], "texture": "#stone_slab_top" },
        "south": { "uv": [ 4, 13, 5, 13.5 ], "texture": "#stone_slab_top" },
        "west":  { "uv": [ 11, 13.5, 12, 14 ], "texture": "#stone_slab_top" },
        "east":  { "uv": [ 11, 13.5, 12, 14 ], "texture": "#stone_slab_top" }
    }
},
{
    "__comment": "Base",
    "from": [ 14, 0, 11.5 ],
    "to": [ 15, 0.5, 14.5 ],
    "faces": {
        "down":  { "uv": [ 12, 14, 11, 13 ], "texture": "#stone_slab_top" },
        "up":    { "uv": [ 4, 13, 5, 14 ], "texture": "#stone_slab_top" },
        "north": { "uv": [ 4, 13, 5, 13.5 ], "texture": "#stone_slab_top" },
        "south": { "uv": [ 4, 13, 5, 13.5 ], "texture": "#stone_slab_top" },
        "west":  { "uv": [ 11, 13.5, 12, 14 ], "texture": "#stone_slab_top" },
        "east":  { "uv": [ 11, 13.5, 12, 14 ], "texture": "#stone_slab_top" }
    }
},
{
    "__comment": "Base",
    "from": [ 3.625, 0, 7.6875 ],
    "to": [ 6.625, 0.5, 8.6875 ],
    "rotation": { "origin": [ 3.625, 0, 7.6875 ], "axis": "y", "angle": -45 },
    "faces": {
        "down":  { "uv": [ 4, 14, 5, 15 ], "texture": "#stone_slab_top" },
        "up":    { "uv": [ 4, 14, 5, 15 ], "texture": "#stone_slab_top" },
        "north": { "uv": [ 11, 14, 12, 14.5 ], "texture": "#stone_slab_top" },
        "south": { "uv": [ 11, 14, 12, 14.5 ], "texture": "#stone_slab_top" },
        "west":  { "uv": [ 11, 14, 12, 14.5 ], "texture": "#stone_slab_top" },
        "east":  { "uv": [ 11, 14, 12, 14.5 ], "texture": "#stone_slab_top" }
    }
},
{
    "__comment": "Base",
    "from": [ 6.625, 0, 4.8125 ],
    "to": [ 7.625, 0.5, 7.8125 ],
    "rotation": { "origin": [ 6.625, 0, 4.8125 ], "axis": "y", "angle": 45 },
    "faces": {
        "down":  { "uv": [ 4, 14, 5, 15 ], "texture": "#stone_slab_top" },
        "up":    { "uv": [ 4, 14, 5, 15 ], "texture": "#stone_slab_top" },
        "north": { "uv": [ 11, 14, 12, 14.5 ], "texture": "#stone_slab_top" },
        "south": { "uv": [ 11, 14, 12, 14.5 ], "texture": "#stone_slab_top" },
        "west":  { "uv": [ 11, 14, 12, 14.5 ], "texture": "#stone_slab_top" },
        "east":  { "uv": [ 11, 14, 12, 14.5 ], "texture": "#stone_slab_top" }
    }
},
{
    "__comment": "Base",
    "from": [ 4.3125, 0, 7.0625 ],
    "to": [ 7.3125, 0.5, 8.0625 ],
    "rotation": { "origin": [ 4.3125, 0, 7.0625 ], "axis": "y", "angle": -45 },
    "faces": {
        "down":  { "uv": [ 12, 14, 11, 13 ], "texture": "#stone_slab_top" },
        "up":    { "uv": [ 4, 13, 5, 14 ], "texture": "#stone_slab_top" },
        "north": { "uv": [ 4, 13, 5, 13.5 ], "texture": "#stone_slab_top" },
        "south": { "uv": [ 4, 13, 5, 13.5 ], "texture": "#stone_slab_top" },
        "west":  { "uv": [ 11, 13.5, 12, 14 ], "texture": "#stone_slab_top" },
        "east":  { "uv": [ 11, 13.5, 12, 14 ], "texture": "#stone_slab_top" }
    }
},
{
    "__comment": "Base",
    "from": [ 8, 0, 3.375 ],
    "to": [ 11, 0.5, 4.375 ],
    "rotation": { "origin": [ 8, 0, 3.375 ], "axis": "y", "angle": -45 },
    "faces": {
        "down":  { "uv": [ 12, 14, 11, 13 ], "texture": "#stone_slab_top" },
        "up":    { "uv": [ 4, 13, 5, 14 ], "texture": "#stone_slab_top" },
        "north": { "uv": [ 4, 13, 5, 13.5 ], "texture": "#stone_slab_top" },
        "south": { "uv": [ 4, 13, 5, 13.5 ], "texture": "#stone_slab_top" },
        "west":  { "uv": [ 11, 13.5, 12, 14 ], "texture": "#stone_slab_top" },
        "east":  { "uv": [ 11, 13.5, 12, 14 ], "texture": "#stone_slab_top" }
    }
},
{
    "from": [ 7.5, 1.5, 16 ],
    "to": [ 19.5, 2.5, 17 ],
    "rotation": { "origin": [ 7.5, 1.5, 16 ], "axis": "y", "angle": 45 },
    "faces": {
        "down":  { "uv": [ 1, 1.5, 2, 0.5 ], "texture": "#stone_slab_top" },
        "up":    { "uv": [ 1, 0.5, 2, 1.5 ], "texture": "#stone_slab_top" },
        "north": { "uv": [ 1, 0.5, 2, 1 ], "texture": "#stone_slab_top" },
        "south": { "uv": [ 1, 1.5, 2, 1 ], "texture": "#stone_slab_top" },
        "west":  { "uv": [ 1, 0.5, 1.5, 1 ], "texture": "#stone_slab_top" },
        "east":  { "uv": [ 2, 0.5, 1.5, 1 ], "texture": "#stone_slab_top" }
    }
},
{
    "from": [ 12, 0, 11.5 ],
    "to": [ 13, 1.5, 12 ],
    "rotation": { "origin": [ 12, 0, 11.5 ], "axis": "y", "angle": -45 },
    "faces": {
        "down":  { "uv": [ 4, 9.5, 3, 8.5 ], "texture": "#stone_slab_top" },
        "up":    { "uv": [ 12, 8, 13, 9 ], "texture": "#stone_slab_top" },
        "north": { "uv": [ 3, 0.5, 4, 1.5 ], "texture": "#stone_slab_top" },
        "south": { "uv": [ 12, 1.5, 13, 2.5 ], "texture": "#stone_slab_top" },
        "west":  { "uv": [ 3, 4.5, 4, 5.5 ], "texture": "#stone_slab_top" },
        "east":  { "uv": [ 3, 2, 4, 3 ], "texture": "#stone_slab_top" }
    }
},
{
    "from": [ 7, 0, 6.5 ],
    "to": [ 15, 0.5, 7 ],
    "rotation": { "origin": [ 7, 0, 6.5 ], "axis": "y", "angle": -45 },
    "faces": {
        "down":  { "uv": [ 14, 4, 13, 3 ], "texture": "#stone_slab_top" },
        "up":    { "uv": [ 2, 2.5, 3, 3.5 ], "texture": "#stone_slab_top" },
        "north": { "uv": [ 2, 0, 3, 1 ], "texture": "#stone_slab_top" },
        "south": { "uv": [ 2, 0, 3, 1 ], "texture": "#stone_slab_top" },
        "west":  { "uv": [ 2, 0, 3, 1 ], "texture": "#stone_slab_top" },
        "east":  { "uv": [ 13, 0.5, 14, 1.5 ], "texture": "#stone_slab_top" }
    }
}
]
}